5SI,SAN JOAQUIN 5-STATION PRECIP INDEX,SAN JOAQUIN R,none specified,-119.583,37.74,0,CA Dept of Water Resources/Flood Management
6SI,TULARE PRECIPITATION INDEX,TULARE LAKE,TULARE,-118.702,36.288,0,CA Dept of Water Resources/Snow Surveys
8SI,NORTHERN SIERRA 8-STATION PRECIP INDEX,SACRAMENTO R,PLUMAS,-120.9,39.9,0,CA Dept of Water Resources/Flood Management
8SM,8 STATION PRECIP INDEX (DWR-2),SACRAMENTO R,PLUMAS,-120.9,39.9,0,CA Dept of Water Resources/Flood Management
ACN,ACTON,SANTA CLARA R,LOS ANGELES,-118.2,34.446,2600,Los Angeles County Fire Dept
ADM,ADIN MOUNTAIN,PIT R,MODOC,-120.792,41.237,6200,Natural Resources Conservation Service
ADR,AUBURN DAM RIDGE,AMERICAN R,PLACER,-121.045,38.882,1200,US Bureau of Reclamation
ADS,ALDER SPRINGS NEAR ELK CREEK,STONY CR,GLENN,-122.725,39.65,4500,US Forest Service
AGP,AGNEW PASS,SAN JOAQUIN R,MADERA,-119.143,37.7244,9450,CA Dept of Water Resources/Flood Management
AGW,A.G. WISHON (PG&E),SAN JOAQUIN R,MERCED,-119.505,37.151,1000,Pacific Gas & Electric
AHV,ASH VALLEY,PIT R,LASSEN,-120.706,41.058,5090,US Bureau of Land Management
ALD,ALDER POINT,EEL R,HUMBOLDT,-123.712,40.232,923,CAL FIRE
ALM,LAKE ALMANOR,FEATHER R,PLUMAS,-121.173,40.218,4600,Pacific Gas & Electric
ALP,ALPHA (SMUD),AMERICAN R,EL DORADO,-120.21565,38.80419,7600,Sacramento Municipal Utility District
ALS,ALDER SPRINGS (USACE),STONY CR,GLENN,-122.725,39.65,4500,US Army Corps of Engineers
ALT,ALTURAS RS,PIT R,MODOC,-120.55,41.5,4400,US Forest Service
ALY,ALLEGHANY,YUBA R,SIERRA,-120.875,39.47,4957,CA Dept of Water Resources/O & M
AMD,AMMO DUMP,SANTA MARGARITA R,SAN DIEGO,-117.286,33.382,1068,Camp Pendleton Fire Dept
AMF,AMERICAN R AT FOLSOM,AMERICAN R,SACRAMENTO,-121.183,38.683,0,CA Dept of Water Resources/Snow Surveys
ANC,ANTIOCH (USBR),DELTA,CONTRA COSTA,-121.804,38.004,10,US Bureau of Reclamation
ANG,ANGWIN,NAPA R,NAPA,-122.4332,38.5712,1815,CA Dept of Water Resources/Flood Management
ANH,SAN JOAQUIN RIVER AT ANTIOCH,SAN JOAQUIN R,CONTRA COSTA,-121.80296,38.01783,10,"CA Dept of Water Resources, DES"
ANT,ANTELOPE LAKE,FEATHER R,PLUMAS,-120.607,40.18,4960,CA Dept of Water Resources/O & M
ANZ,ANZA,SAN JACINTO R,RIVERSIDE,-116.6744,33.5558,3920,CAL FIRE
API,ALPINE,SAN DIEGO R,SAN DIEGO,-116.739,32.834,2041,US Forest Service
APS,AMERICAN RIVER PUMP STATION,AMERICAN R,SACRAMENTO,-121.1,38.9,480,Placer County Water Agency
ARC,MAD RIVER NEAR ARCATA,MAD R,HUMBOLDT,-124.06062,40.90985,33,USGS and DWR
ARG,ARROYO GRANDE,ARROYO GRANDE CREEK,SAN LUIS OBISPO,-120.417,35.117,600,CAL FIRE
ARS,ARROWHEAD SPRINGS HOTEL,LYTLE CR,SAN BERNARDINO,-117.264,34.184,2000,None Specified
ARW,ARDEN WAY,AMERICAN R,SACRAMENTO,-121.413,38.596,35,Sacramento County
ARY,ARROYO SECO,SALINAS R,MONTEREY,-121.488,36.23,980,US Forest Service
ASC,ASH CREEK (USFS),MC CLOUD R,SISKIYOU,-121.97945,41.27694,3200,US Forest Service
ASM,ASH MOUNTAIN,KAWEAH R,TULARE,-118.833,36.483,1708,Sequoia and Kings Canyon National Parks
ATL,ATLAS PEAK,NAPA R,NAPA,-122.25,38.433,1660,CA Dept of Water Resources/Flood Management
ATW,ATWELL CAMP,KAWEAH R,TULARE,-118.631,36.464,6400,US Army Corps of Engineers
BAC,BACON ISLAND AT OLD RIVER,DELTA,SAN JOAQUIN,-121.57217,37.96935,0,CA Dept of Water Resources/O & M
BAL,BALCH PH (PG&E),KINGS R,FRESNO,-119.089,36.909,1720,Pacific Gas & Electric
BAP,BYRON AIRPORT,DELTA,CONTRA COSTA,-121.6225,37.8306,43,Contra Costa County
BAR,BEAR,MERCED R,MARIPOSA,-120.217,37.367,319,US Army Corps of Engineers
BAT,BATTLE CREEK,SACRAMENTO R,TEHAMA,-122.14639,40.39821,200,USGS and DWR
BBI,BYRON BETHANY IRRIGATION DIST DIVERSION,DELTA,CONTRA COSTA,-121.5574,37.8298,3,Byron Bethany Irrigation District
BBW,BW-12 IMPORT TO BUTTE CREEK,BUTTE CR,BUTTE,-121.61033,39.88573,2882,CA Dept of Water Resources
BCB,BLACKCAP BASIN,KINGS R,FRESNO,-118.77,37.067,10300,CA Dept of Water Resources/Snow Surveys
BCD,BUTTE CREEK NR DURHAM,BUTTE CR,BUTTE,-121.77748,39.67801,190,CA Dept of Water Resources
BCG,BUTTE CREEK NR GRIDLEY,BUTTE CR,BUTTE,-121.88885,39.38563,60,"CA Dept of Water Resources, NRO"
BCH,BEACH MEADOWS,KERN R,TULARE,-118.29346,36.12609,7650,CA Dept of Water Resources/Snow Surveys
BCK,BUTTE CREEK NR CHICO,BUTTE CR,BUTTE,-121.70886,39.72599,300,US Geological Survey
BCL,BUCKS LAKE STORAGE,FEATHER R,PLUMAS,-121.202,39.897,5168,Pacific Gas & Electric
BCM,BRUSH CREEK (DWR-2),FEATHER R,BUTTE,-121.34,39.694,3560,CA Dept of Water Resources
BCR,BRUSH CREEK RS,FEATHER R,BUTTE,-121.34,39.69,3520,US Forest Service
BDD,BIG DALTON DAM,SAN GABRIEL R,LOS ANGELES,-117.808,34.17,1587,None Specified
BDL,BELDON LANDING,SACRAMENTO R,SOLANO,-121.9708,38.1869,0,"CA Dept of Water Resources, DES"
BDM,BALD MOUNTAIN (USBR),SAN JOAQUIN R,FRESNO,-119.4,37.067,4720,US Bureau of Reclamation
BDR,BLUE DOOR,PIT R,LASSEN,-120.336,41.056,5900,US Bureau of Land Management
BDT,SAN JOAQUIN R AT BRANDT BRIDGE,SAN JOAQUIN R,SAN JOAQUIN,-121.3231,37.865,0,CA Dept of Water Resources/O & M
BDY,BRANDY CREEK,SACTO VLY NE,SHASTA,-122.567,40.617,1300,US Bureau of Reclamation
BEC,BELL CANYON,SANTA ANA R,ORANGE,-117.5731,33.5517,750,Orange County Fire Authority
BER,BERRYESSA,PUTAH CR,NAPA,-122.104,38.513,456,US Bureau of Reclamation
BET,BETHEL ISLAND,DELTA,CONTRA COSTA,-121.63219,38.04109,9,CA Dept of Water Resources
BEV,SOUTH CANAL FROM BEAR RIVER,BEAR R,PLACER,-120.953,39.133,1980,Pacific Gas & Electric
BFK,BAKERSFIELD AIRPORT,TULARE LAKE,KERN,-119.054,35.434,494,National Weather Service
BFL,BIG FLAT,TRINITY R,TRINITY,-122.942,41.08,5100,US Bureau of Reclamation
BGB,BIG BAR,TRINITY R,TRINITY,-123.2,40.733,1270,US Forest Service
BGC,BIG CREEK 1,SAN JOAQUIN R,FRESNO,-119.24,37.205,4878,"Southern California Edison Company, Big Creek"
BGD,BOGARD RANGER STATION,SUSAN R,LASSEN,-121.08,40.59,5680,CAL FIRE
BGF,BIG CK DIVERSION NR FISH CAMP,MERCED R,MARIPOSA,-119.61417,37.46944,5400,Madera Irrigation District
BGP,BIG PINE CREEK,OWENS R,INYO,-118.47816,37.12786,9800,CA Dept of Water Resources/Snow Surveys
BGR,BANGOR,YUBA R,BUTTE,-121.38625,39.38073,800,CAL FIRE
BGV,BRIDGEVILLE,VAN DUZEN R,HUMBOLDT,-123.792,40.474,646,CA Dept of Water Resources/Flood Management
BHC,BRUSH CREEK (SMUD),AMERICAN R,EL DORADO,-120.62,38.805,2923,Sacramento Municipal Utility District
BHL,BEVERLY HILLS,LOS ANGELES R,LOS ANGELES,-118.42,34.125,1260,Los Angeles County Fire Dept
BIL,BUCK ISLAND LAKE,AMERICAN R,EL DORADO,-120.25,39.001,6400,Sacramento Municipal Utility District
BIM,BIG MEADOWS (DWR),KINGS R,TULARE,-118.84343,36.71537,7600,CA Dept of Water Resources/Snow Surveys
BKD,BLACK DIAMOND MINES,EAST BAY,CONTRA COSTA,-121.884,37.95,1600,East Bay Regional Parks Fire-Rescue Services
BKE,BRECKENRIDGE,KERN R,KERN,-118.5839,35.4506,7548,US Bureau of Land Management
BKK,BLACKROCK,KERN R,TULARE,-118.261,36.093,8200,US Forest Service
BKL,BUCKS LAKE,FEATHER R,PLUMAS,-121.242,39.85,5750,CA Dept of Water Resources/O & M
BKM,BUCK MEADOWS,TUOLUMNE R,TUOLUMNE,-120.0975,37.8233,3200,US Forest Service
BKP,BUCKS CREEK PH,FEATHER R,PLUMAS,-121.333,39.917,1760,Pacific Gas & Electric
BKS,BARKER SLOUGH PUMPING PLANT (KG000000),DELTA,SOLANO,-121.7965,38.2759,0,CA Dept of Water Resources/O & M
BL2,BLUE CANYON #2 (ETI),AMERICAN R,PLACER,-120.7,39.283,5280,CA Dept of Water Resources
BLA,BLACKS MOUNTAIN,PIT R,LASSEN,-121.19972,40.76984,7050,CA Dept of Water Resources/Snow Surveys
BLB,BLACK BUTTE,STONY CR,TEHAMA,-122.329,39.808,426,US Army Corps of Engineers
BLC,BLUE CANYON,AMERICAN R,PLACER,-120.7081,39.2761,5280,US Bureau of Reclamation
BLD,BLOODS CREEK,STANISLAUS R,ALPINE,-120.033,38.45,7200,US Bureau of Reclamation
BLH,BALCH PH,KINGS R,FRESNO,-119.083,36.917,1720,Pacific Gas & Electric
BLK,BLUE LAKES,MOKELUMNE R,ALPINE,-119.931,38.613,8000,Natural Resources Conservation Service
BLM,BLACK MOUNTAIN,SALINAS R,SAN LUIS OBISPO,-120.353,35.395,3625,CA Dept of Water Resources/Flood Management
BLO,BEN LOMOND (CDF),SAN LORENZO R,SANTA CRUZ,-122.17,37.132,2630,CAL FIRE
BLP,BLIND POINT,DELTA,CONTRA COSTA,-121.71904,38.03245,0,CA Dept of Water Resources
BLS,BLACK SPRINGS,STANISLAUS R,CALAVERAS,-120.192,38.375,6500,US Bureau of Reclamation
BLT,BEN BOLT,COSUMNES R,EL DORADO,-121.017,38.586,1138,CAL FIRE
BMO,BRANCH MOUNTAIN,SALINAS R,SAN LUIS OBISPO,-120.083,35.189,3770,US Forest Service
BMT,BALD MOUNTAIN (USFS),RUBICON R,EL DORADO,-120.683,38.9,4680,US Forest Service
BMW,BIG MEADOWS (SCS),TRUCKEE R,State of Nevada,-119.946,39.458,8700,Natural Resources Conservation Service
BND,SACRAMENTO RIVER AT BEND BRIDGE,SACRAMENTO R,TEHAMA,-122.18666,40.28849,286,USGS and DWR
BNE,BRIONES,EAST BAY,CONTRA COSTA,-122.118,37.934,1450,East Bay Regional Parks Fire-Rescue Services
BNK,BONANZA KING,TRINITY R,TRINITY,-122.628,41.083,6450,US Bureau of Reclamation
BNR,BUNNING RANCH,FRESNO R,MARIPOSA,-119.89,37.3678,1520,US Army Corps of Engineers
BNV,BOONVILLE,NAVARRO RIVER,MENDOCINO,-123.3486,38.9875,840,CAL FIRE
BNY,BURNS CANYON,WHITEWATER R,SAN BERNARDINO,-116.6217,34.208,6000,CAL FIRE
BOC,BOCA RESERVOIR,TRUCKEE R,NEVADA,-120.1,39.383,5521,US Bureau of Reclamation
BOL,BOWMAN LAKE,YUBA R,NEVADA,-120.6536,39.4481,5390,CA Dept of Water Resources/Flood Management
BPD,PARROT DIV FROM BUTTE CREEK,BUTTE CR,BUTTE,-121.75419,39.7089,269,CA Dept of Water Resources
BPF,BIG PINE FLAT,SANTA ANA R,SAN BERNARDINO,-117.013,34.319,6861,US Forest Service
BPI,BIG PINES,ANTELOPE VALLEY,LOS ANGELES,-117.692,34.379,3917,US Forest Service
BPT,BRIDGEPORT,WALKER R,MONO,-119.289,38.272,6650,US Forest Service
BRA,SALINAS RIVER NEAR BRADLEY,SALINAS R,MONTEREY,-120.86879,35.93024,443,USGS and DWR
BRC,BEAR CREEK NEAR LODI,SAN JOAQUIN R,SAN JOAQUIN,-121.211,38.074,60,San Joaquin County
BRD,BEARDSLEY LAKE,STANISLAUS R,TUOLUMNE,-120.075,38.203,3398,Oakdale South San Joaquin Irrigation District
BRE,BEAR R AT ROLLINS RESERVOIR,BEAR R,PLACER,-120.953,39.133,1945,"Pacific Gas and Electric Company, Auburn"
BRI,VAN DUZEN R NR BRIDGEVILLE AT GRIZZLY CR,VAN DUZEN R,HUMBOLDT,-123.89088,40.48042,358,USGS and DWR
BRM,BEAR TRAP MEADOW,KAWEAH R,TULARE,-118.858,36.676,6800,US Army Corps of Engineers
BRP,BEAR PEAK,KERN R,TULARE,-118.052,35.884,8228,US Bureau of Land Management
BRR,BARREL SPRINGS,PIT R,State of Nevada,-119.9389,41.9111,5835,US Bureau of Land Management
BRS,BRUSH CREEK (DWR),FEATHER R,BUTTE,-121.339,39.692,3560,CA Dept of Water Resources/O & M
BRY,SACRAMENTO RIVER AT BRYTE,SACRAMENTO R,YOLO,-121.533,38.602,30,CA Dept of Water Resources
BSH,BISHOP PASS,KINGS R,FRESNO,-118.557,37.1,11200,CA Dept of Water Resources/Snow Surveys
BSK,BURNSIDE LAKE,CARSON R,ALPINE,-119.8942,38.7194,8129,Natural Resources Conservation Service
BSS,BROOKS,CACHE CR,YOLO,-122.14472,38.73834,360,CAL FIRE
BTA,BETA,AMERICAN R,EL DORADO,-120.2,38.8,7600,CA Dept of Water Resources/O & M
BTC,SACRAMENTO RIVER AT BUTTE CITY,SACRAMENTO R,GLENN,-121.99416,39.45784,99,CA Dept of Water Resources
BTN,BENTON,OWENS R,MONO,-118.478,37.843,5450,CAL FIRE
BTR,BATTLE RIDGE,SACTO VLY WEST,TEHAMA,-121.75,40.333,3400,US Bureau of Reclamation
BTT,BATTERSON,SAN JOAQUIN R,MADERA,-119.617,37.383,3160,US Forest Service
BTV,BUTT VALLEY,FEATHER R,PLUMAS,-121.186,40.187,4144,Pacific Gas & Electric
BUC,BUCHANAN DAM,CHOWCHILLA R,MADERA,-119.97,37.213,450,US Army Corps of Engineers
BUD,BULLARDS BAR,YUBA R,YUBA,-121.1439,39.3963,2100,Yuba County Water Agency
BUL,NEW BULLARDS BAR,YUBA R,YUBA,-121.14,39.393,1965,Yuba County Water Agency
BUP,BUCKS CREEK POWERHOUSE,FEATHER R,PLUMAS,-121.333,39.917,1760,Pacific Gas & Electric
BUR,BURNS CREEK DAM,MERCED R,MERCED,-120.275,37.377,319,US Army Corps of Engineers
BUT,BUTTERCUP,COLORADO R,IMPERIAL,-114.884,32.74,320,US Bureau of Land Management
BWC,BUTTE CREEK NR WESTERN CANAL,BUTTE CR,BUTTE,-121.83651,39.55572,204,CA Dept of Water Resources
BYM,BLUE CANYON (DWR-2),AMERICAN R,PLACER,-120.7,39.283,5280,CA Dept of Water Resources
BZR,BRAZIE RANCH,KLAMATH R,SISKIYOU,-122.6,41.687,3020,CAL FIRE
C12,CAL AQUEDUCT CHECK 12 (KA006633),SAN JOAQUIN R,MERCED,-121.058,37.118,224,CA Dept of Water Resources/O & M
C13,CAL AQUEDUCT CHECK 13 (KA007089),SAN JOAQUIN R,MERCED,-121.0151,37.0742,204,CA Dept of Water Resources/O & M
C18,CAL AQUEDUCT CHECK 18 (KA014321),KINGS R,FRESNO,-120.229,36.326,321,CA Dept of Water Resources/O & M
C21,CAL AQUEDUCT CHECK 21 (KA017226),KINGS R,KINGS,-119.9769,36.0142,320,CA Dept of Water Resources/O & M
C29,CAL AQUEDUCT CHECK 29 (KA024454),KERN R,KERN,-119.3299,35.232,291,CA Dept of Water Resources/O & M
C41,CAL AQUEDUCT CHECK 41 (KA030341),MOJAVE R,KERN,-118.7119,34.834,3280,CA Dept of Water Resources/O & M
C66,CAL AQUEDUCT CHECK 66 (KA040341),MOJAVE R,SAN BERNARDINO,-117.3036,34.336,3448,CA Dept of Water Resources/O & M
CAD,CALAVERAS ROAD,ALAMEDA CR,ALAMEDA,-121.8439,37.5531,1140,San Francisco PUC
CAG,CAMP ANGELUS,SANTA ANA R,SAN BERNARDINO,-116.978,34.15,5780,None Specified
CAM,CAMPTONVILLE (DWR),YUBA R,YUBA,-121.049,39.451,2755,CA Dept of Water Resources/O & M
CAP,CAPLES LAKE,AMERICAN R,ALPINE,-120.042,38.71,8000,US Bureau of Reclamation
CAR,CARPENTER RIDGE,BUTTE CR,BUTTE,-121.582,40.069,4812,CAL FIRE
CAS,CASTAIC,SANTA CLARA R,LOS ANGELES,-118.6101,34.5152,1535,"CA Dept of Water Resources, Southern Field Div"
CAU,CAHUILLA,COLORADO R,IMPERIAL,-115.174,32.974,278,US Bureau of Land Management
CBO,CARIBOU PH,FEATHER R,PLUMAS,-121.15,40.085,2986,Pacific Gas & Electric
CBT,CRABTREE MEADOW,KERN R,TULARE,-118.34795,36.56368,10700,CA Dept of Water Resources/Snow Surveys
CCE,COW CREEK (USBR),SACTO VLY NE,SHASTA,-121.853,40.603,2840,US Bureau of Reclamation
CCH,CACHUMA LAKE,SANTA YNEZ R,SANTA BARBARA,-119.98,34.583,781,US Bureau of Reclamation
CCS,CACHE SLOUGH,DELTA,SOLANO,-121.742,38.295,0,US Bureau of Reclamation
CCT,CALAVERAS COTTAGE,ALAMEDA CR,SANTA CLARA,-121.82079,37.48832,822,San Francisco PUC
CCW,CCWD MIDDLE RIVER PP ON VICTORIA CANAL,DELTA,CONTRA COSTA,-121.54379,37.86654,0,Contra Costa Water District
CCY,CACHE CREEK AT YOLO,CACHE CR,YOLO,-121.80715,38.72663,86,US Geological Survey
CDP,CEDAR PASS,PIT R,MODOC,-120.303,41.583,7100,Natural Resources Conservation Service
CEK,CLEAR CREEK RAWS,LOS ANGELES R,LOS ANGELES,-118.153,34.271,3000,US Forest Service
CFF,COFFEE CREEK RANGER STATION,TRINITY R,TRINITY,-122.7086,41.0894,2503,CA Dept of Water Resources/Flood Management
CFL,CRANE FLAT LOOKOUT,MERCED R,MARIPOSA,-119.8,37.75,5957,National Park Service
CFR,COFFEE RIDGE,TRINITY R,TRINITY,-122.717,41.083,3040,US Bureau of Reclamation
CFW,BEAR RIVER AT CAMP FAR WEST DAM,BEAR R,YUBA,-121.317,39.05,260,CA Dept of Water Resources/Flood Management
CGR,CEDAR GROVE,KINGS R,TULARE,-118.659,36.788,4720,National Park Service
CGT,COLGATE PH,YUBA R,YUBA,-121.19,39.3308,600,CA Dept of Water Resources/Flood Management
CHA,CALLAHAN (USFS),SCOTT R,SISKIYOU,-122.833,41.333,3136,US Forest Service
CHE,CHEESEBORO,VENTURA LA COASTAL,VENTURA,-118.7172,34.1847,1650,National Park Service
CHG,CHICAGO,AMERICAN R,SACRAMENTO,-121.254,38.652,210,Sacramento County
CHI,CHICO,BUTTE CR,BUTTE,-121.783,39.712,230,CAL FIRE
CHL,CHALLENGE RANGER STATION,YUBA R,YUBA,-121.217,39.483,3200,US Forest Service
CHM,CHILKOOT MEADOW,SAN JOAQUIN R,MADERA,-119.49,37.41,7150,US Bureau of Reclamation
CHP,CHAGOOPA PLATEAU,KERN R,TULARE,-118.44672,36.49714,10300,CA Dept of Water Resources/Snow Surveys
CHS,CHESTER,FEATHER R,PLUMAS,-121.233,40.283,4525,US Forest Service
CHT,PAJARO RIVER AT CHITTENDEN,PAJARO R,SANTA CRUZ,-121.59772,36.90023,82,USGS and DWR
CHV,CHERRY VALLEY DAM,TUOLUMNE R,TUOLUMNE,-119.917,37.967,4765,Hetch Hetchy Water and Power
CIO,CHILAO,SAN GABRIEL R,LOS ANGELES,-118.033,34.333,5450,US Forest Service
CIS,OLD RIVER AT CONEY ISLAND,SAN JOAQUIN R,SAN JOAQUIN,-121.53797,37.84589,5,CA Dept of Water Resources
CKC,CITY CREEK RANGER STATION,SANTA ANA R,SAN BERNARDINO,-117.181,34.186,2610,None Specified
CKR,COOK RANCH,CALAVERAS R,SAN JOAQUIN,-120.946,38.016,325,San Joaquin County
CLA,CLEAR LK - CACHE CREEK,CACHE CR,LAKE,-122.642,38.957,1336,Yolo County Flood Control and Water Consv Dist
CLB,COLLINS BALDY,KLAMATH R,SISKIYOU,-122.9503,41.775,5493,US Forest Service
CLC,CLIFTON COURT,DELTA,CONTRA COSTA,-121.5574,37.8298,3,CA Dept of Water Resources/O & M
CLE,TRINITY LAKE,TRINITY R,TRINITY,-122.762,40.801,2370,US Bureau of Reclamation
CLF,COLFAX,AMERICAN R,PLACER,-120.951,39.122,2400,National Weather Service
CLG,COLGATE PH,YUBA R,YUBA,-121.183,39.333,600,Pacific Gas & Electric
CLH,CLEAR LK HIGHLANDS (OBS),SACTO VLY WEST,LAKE,-122.6,38.9,1340,National Weather Service
CLL,COLLINSVILLE,DELTA,SOLANO,-121.833,38.083,0,US Bureau of Reclamation
CLO,COVELO,EEL R,MENDOCINO,-123.08319,39.82611,1487,CA Dept of Water Resources/Flood Management
CLR,CLEAR CREEK,SACTO VLY NE,SHASTA,-122.667,40.639,3300,US Bureau of Reclamation
CLV,RUSSIAN RIVER AT CLOVERDALE,RUSSIAN R,MENDOCINO,-123.05361,38.87935,107,CA Dept of Water Resources/Flood Management
CMI,CAMINO,AMERICAN R,EL DORADO,-120.533,38.833,3000,Sacramento Municipal Utility District
CMN,CAMANCHE RESERVOIR,MOKELUMNE R,SAN JOAQUIN,-121.021,38.225,236,East Bay Municipal Utility District
CMO,CLAREMONT,LOS ANGELES R,LOS ANGELES,-117.707,34.137,1645,Los Angeles County Fire Dept
CMP,TARGET RANGE PENDELTON,SANTA MARGARITA R,SAN DIEGO,-117.359,33.372,918,US Marine Corps
CMV,CAMPTONVILLE RS (USFS),YUBA R,YUBA,-121.045,39.455,2503,US Forest Service
CNS,CRANSTON,SAN JACINTO R,RIVERSIDE,-116.841,33.74,1950,US Forest Service
CNT,CONTRA COSTA,DELTA,CONTRA COSTA,-121.7,37.995,10,US Bureau of Reclamation
CNY,CANYON DAM,FEATHER R,PLUMAS,-121.083,40.167,4560,Pacific Gas & Electric
COL,SACRAMENTO RIVER AT COLUSA,SACRAMENTO R,COLUSA,-122.00025,39.21406,-3,USGS and DWR
CON,CONVERSE,SANTA ANA R,SAN BERNARDINO,-116.913,34.194,5618,US Forest Service
COW,COW CREEK NEAR MILLVILLE,SACRAMENTO R,SHASTA,-122.23306,40.50488,385,USGS and DWR
COY,COYOTE (LAKE MENDOCINO),RUSSIAN R,MENDOCINO,-123.186,39.197,720,US Army Corps of Engineers
CP9,CAMP 9,SANTA CLARA R,LOS ANGELES,-118.4186,34.3532,3998,Los Angeles County Fire Dept
CPL,CAPLES LAKE (PG&E),AMERICAN R,ALPINE,-120.048,38.707,7800,El Dorado Irrigation District
CPP,CORDELIA PUMPING PLANT (KG002111),DELTA,SOLANO,-122.1347,38.2276,2,CA Dept of Water Resources/O & M
CPT,CAPLES (TWIN) LAKE,AMERICAN R,ALPINE,-120.033,38.7,8000,National Weather Service
CRG,CORNING AIRPORT,SACRAMENTO R,TEHAMA,-122.17,39.939,294,CAL FIRE
CRI,CAHILL RIDGE,SAN MATEO CREEK,SAN MATEO,-122.374,37.5102,1044,San Francisco PUC
CRK,CLARK TRAINING CENTER,SAN JACINTO R,RIVERSIDE,-117.3042,33.8772,1720,CAL FIRE
CRL,CHARLOTTE LAKE,KINGS R,FRESNO,-118.42661,36.77773,10400,CA Dept of Water Resources/Snow Surveys
CRR,CRANE VALLEY RESERVOIR (PG&E),SAN JOAQUIN R,MADERA,-119.526,37.291,3400,Pacific Gas & Electric
CRS,MERCED RIVER AT CRESSY,MERCED R,MERCED,-120.663,37.425,165,CA Dept of Water Resources
CRV,CRANE VALLEY PH,SAN JOAQUIN R,MADERA,-119.53,37.29,3400,Pacific Gas & Electric
CSC,CRYSTAL SPRINGS COTTAGE,SAN MATEO CREEK,SAN MATEO,-122.329,37.496,343,San Francisco PUC
CSH,CASHMAN,FEATHER R,PLUMAS,-120.916,40.0019,4520,National Park Service
CSL,CENT SIERRA SNOW LAB,YUBA R,NEVADA,-120.367,39.325,6900,Natural Resources Conservation Service
CSM,COOSKIE MOUNTAIN,MATTOLE R,HUMBOLDT,-124.25,40.258,2950,US Forest Service
CSO,CASTAIC LAKE OUTLET (CAS00000),SANTA CLARA R,LOS ANGELES,-118.611,34.527,1535,CA Dept of Water Resources/O & M
CSS,CASE SPRINGS PENDLETON,SANTA MARGARITA R,SAN DIEGO,-117.418,33.445,2320,US Marine Corps
CST,COHASSET,SACRAMENTO R,BUTTE,-121.77055,39.87528,1600,CAL FIRE
CSU,CALIFORNIA STATE UNIV AT SACRAMENTO,AMERICAN R,SACRAMENTO,-121.416,38.555,25,National Weather Service
CSV,CASA VIEJA MEADOWS,KERN R,TULARE,-118.27163,36.19844,8300,CA Dept of Water Resources/Snow Surveys
CTG,COURTRIGHT (PG&E),KINGS R,FRESNO,-118.967,37.072,8192,Pacific Gas & Electric
CTL,CRESTLINE,MOJAVE R,SAN BERNARDINO,-117.265,34.272,4650,None Specified
CTN,COTTONWOOD CREEK NEAR BEEGUM,COTTONWOOD CR,TEHAMA,-122.881,40.317,3400,US Bureau of Reclamation
CVR,CATHEY'S VALLEY,SAN JOAQUIN R,MARIPOSA,-120.0769,37.3803,1200,CAL FIRE
CVS,CALAVERAS RANGER STATION,MOKELUMNE R,CALAVERAS,-120.367,38.198,3360,US Bureau of Reclamation
CVT,CALAVERAS BIG TREES,STANISLAUS R,CALAVERAS,-120.317,38.283,4695,National Weather Service
CVW,CRESTVIEW,OWENS R,MONO,-118.983,37.745,7600,US Forest Service
CWA,COTTONWOOD CREEK AUXILIARY GAGE,COTTONWOOD CR,TEHAMA,-122.23861,40.3871,364,US Geological Survey
CWD,COTTONWOOD LAKES,OWENS R,INYO,-118.17755,36.48383,10150,CA Dept of Water Resources/Snow Surveys
CWF,CROWDER FLAT,KLAMATH R,MODOC,-120.7519,41.8934,5100,Natural Resources Conservation Service
CX2,DAILY X2 CALCULATION,SF BAY,SAN FRANCISCO,-122.4167,37.8333,0,CA Dept of Water Resources/Flood Management
CXS,CARSON PASS,AMERICAN R,ALPINE,-120.0021,38.6924,8353,Natural Resources Conservation Service
DAN,DANA MEADOWS,TUOLUMNE R,TUOLUMNE,-119.257,37.897,9800,CA Dept of Water Resources/Snow Surveys
DAV,LAKE DAVIS (DWR),FEATHER R,PLUMAS,-120.467,39.883,5768,CA Dept of Water Resources/O & M
DBC,DIABLO CANYON,SAN JOAQUIN R,STANISLAUS,-121.302,37.329,1850,CAL FIRE
DBF,DUBLIN-SAN RAMON FIRE HOUSE,EAST BAY,CONTRA COSTA,-121.927,37.732,355,Contra Costa County
DC2,DEVIL CANYON 2ND AFTERBAY (KA041275),SANTA ANA R,SAN BERNARDINO,-117.3405,34.2305,2000,CA Dept of Water Resources/O & M
DCC,DRY CREEK NEAR COULTERVILLE,MERCED R,MARIPOSA,-120.312,37.654,728,Merced Irrigation District
DCG,DRY CREEK NEAR GALT,COSUMNES R,SACRAMENTO,-121.226,38.248,53,US Geological Survey
DCM,DRY CREEK AT MODESTO AT CLAUS ROAD,TUOLUMNE R,STANISLAUS,-120.923,37.657,88,CA Dept of Water Resources
DCO,DEL VALLE CONSERVATION OUTLET WORKS,EAST BAY,ALAMEDA,-121.7468,37.6178,542,CA Dept of Water Resources/O & M
DDL,DUDLEYS (MCDIARMID FIRE STATION),MERCED R,MARIPOSA,-120.09614,37.72091,3000,CA Dept of Water Resources/Flood Management
DDM,DEADMAN CREEK,STANISLAUS R,TUOLUMNE,-119.65411,38.3316,9250,CA Dept of Water Resources/Flood Management
DDW,DIDDY WELLS,SACTO VLY NE,SHASTA,-122.1,40.7,1300,US Bureau of Reclamation
DEC,DEER CREEK DAM,LYTLE CR,SAN BERNARDINO,-117.502,34.169,2320,None Specified
DES,DE SABLA (DWR),BUTTE CR,BUTTE,-121.61,39.872,2710,CA Dept of Water Resources/O & M
DEV,DEVORE,LYTLE CR,SAN BERNARDINO,-117.40444,34.22111,2070,CAL FIRE
DGC,TRINITY RIVER AT DOUGLAS CITY,TRINITY R,TRINITY,-122.95667,40.64528,1600,US Geological Survey & US Bureau of Reclamation
DGH,DOG HOUSE MEADOW,MERCED R,MARIPOSA,-119.78522,37.7626,6100,CA Dept of Water Resources/Snow Surveys
DGL,DOUGHTY CUT ABOVE GRANT LINE CANAL,SAN JOAQUIN R,SAN JOAQUIN,-121.425,37.815,18,CA Dept of Water Resources
DKY,DINKY,KINGS R,FRESNO,-119.03944,37.06639,5668,US Forest Service
DLN,DEL NORTE,S BARBARA COAST,VENTURA,-119.654,34.009,800,National Park Service
DLT,SACRAMENTO RIVER AT DELTA ,SACRAMENTO R,SHASTA,-122.41724,40.93959,1075,US Geological Survey & US Bureau of Reclamation
DM2,CHECK 20,SAN JOAQUIN R,FRESNO,-120.433,36.831,165,US Bureau of Reclamation
DM3,CHECK 21,SAN JOAQUIN R,FRESNO,-120.374,36.778,164,US Bureau of Reclamation
DMC,DMC HEADWORKS,DELTA,ALAMEDA,-121.588,37.78,200,US Bureau of Reclamation
DMF,DRUM PH FOREBAY,YUBA R,PLACER,-120.75,39.25,4750,Pacific Gas & Electric
DMV,DIAMOND VALLEY,SANTA MARGARITA R,RIVERSIDE,-117.066,33.67,1756,Metropolitan Water District
DNM,DUNSMUIR TREATMENT PLANT,SACRAMENTO R,SISKIYOU,-122.267,41.2,2170,National Weather Service
DNN,DONNER LAKE (DWR),TRUCKEE R,NEVADA,-120.25,39.333,5945,US Geological Survey
DNP,DON PEDRO RESERVOIR,TUOLUMNE R,TUOLUMNE,-120.421,37.702,830,Turlock Irrigation District
DNV,DOWNIEVILLE,YUBA R,SIERRA,-120.8292,39.5586,2920,CA Dept of Water Resources/Flood Management
DON,DONNELLS,STANISLAUS R,TUOLUMNE,-119.96,38.329,4835,US Bureau of Reclamation
DOY,DOYLE CROSSING,FEATHER R,PLUMAS,-120.483,40.1192,5670,CA Dept of Water Resources
DPH,DRUM POWER HOUSE,BEAR R,PLACER,-120.767,39.264,3400,Pacific Gas & Electric
DPO,DEVIL'S POSTPILE,SAN JOAQUIN R,MADERA,-119.0847,37.6294,7569,CA Dept of Water Resources/Snow Surveys
DRC,DEER CK FOREBAY (PG&E),YUBA R,NEVADA,-120.825,39.3,4455,Pacific Gas & Electric
DRF,SMITH RIVER AT DR FINE BRIDGE,SMITH R,DEL NORTE,-124.133,41.883,63,USGS and DWR
DRO,DELTA RUNOFF ONE DAY CALCULATION,DELTA,CONTRA COSTA,-121.642,38.042,6,CA Dept of Water Resources/Flood Management
DSA,DOS AMIGOS PUMPING PLANT,SAN JOAQUIN R,MERCED,-120.82558,36.9241,100,CA Dept of Water Resources/O & M
DSB,DE SABLA (PG&E),BUTTE CR,BUTTE,-121.617,39.867,2710,Pacific Gas & Electric
DSC,DESCANSO,SAN DIEGO R,SAN DIEGO,-116.622,32.857,3480,US Forest Service
DSJ,DUTCH SLOUGH AT JERSEY ISLAND,SAN JOAQUIN R,CONTRA COSTA,-121.671,38.013,10,US Geological Survey
DSS,DISMAL SWAMP,SURPRISE VALLEY,MODOC,-120.165,41.993,7050,Natural Resources Conservation Service
DTO,DELTA OUTFLOW,DELTA,SOLANO,-122.025,38.059,0,CA Dept of Water Resources/O & M
DTV,DEATH VALLEY,AMARGOSA R,INYO,-116.867,36.467,-194,National Weather Service
DUC,DUDLEY RANCH BELOW COULTERVILLE,MERCED R,MARIPOSA,-120.133,37.741,3654,Merced Irrigation District
DUN,DUNCAN,AMERICAN R,PLACER,-120.509,39.144,7100,US Forest Service
DV7,DEL VALLE CHECK 7 (KB001638),EAST BAY,ALAMEDA,-121.7419,37.6547,500,CA Dept of Water Resources/O & M
DVB,DANVILLE LIBRARY,SF BAY,CONTRA COSTA,-121.9956,37.8208,364,Contra Costa County
DVC,DEVIL CANYON HEADWORKS (KA041288),SANTA ANA R,SAN BERNARDINO,-117.3307,34.2235,2296,CA Dept of Water Resources/O & M
DVG,DEVILS GARDEN,PIT R,MODOC,-120.668,41.522,5022,CAL FIRE
DVL,DEL VALLE,SANTA CLARA R,LOS ANGELES,-118.666,34.431,1278,Los Angeles County Fire Dept
DVR,DAVIS RANCH,COTTONWOOD CR,TEHAMA,-122.45,40.35,550,US Bureau of Reclamation
DWV,DOWNIEVILLE,YUBA R,SIERRA,-120.8333,39.5667,2915,National Weather Service
DYC,DAY CANYON,LYTLE CR,SAN BERNARDINO,-117.537,34.168,2240,None Specified
DYE,DOYLE (BLM),SUSAN R,LASSEN,-120.106,40.022,4240,CAL FIRE
DYR,DYER RESERVOIR,DELTA,CONTRA COSTA,-121.67611,37.76184,805,CA Dept of Water Resources/O & M
EBB,EBBETTS PASS,CARSON R,ALPINE,-119.808,38.561,8700,Natural Resources Conservation Service
EBM,EASTSIDE BYPASS BLW MARIPOSA BYPASS,SAN JOAQUIN R,MERCED,-120.6981,37.205,115,CA Dept of Water Resources/SCRO
ECA,EL CARISO,SAN JACINTO R,RIVERSIDE,-117.41,33.65,3038,US Forest Service
ECD,EAST CONTRA COUNTY ID PP#1,DELTA,CONTRA COSTA,-121.626,37.91786,22,CA Dept of Water Resources
ECH,ECHO LAKE CONDUIT,AMERICAN R,EL DORADO,-120.037,38.831,7420,Pacific Gas & Electric
EDI,EL DORADO INTAKE,AMERICAN R,EL DORADO,-120.583,38.755,3900,Pacific Gas & Electric
EDN,STUMPY MEADOWS RESERVOIR(MARK EDSON DAM),AMERICAN R,EL DORADO,-120.603,38.903,4272,Georgetown Divide Public Utility District
EDP,EDMONSTON PUMPING PLANT,TEHACHAPI MOUNTAINS,KERN,-118.824,34.943,1247,CA Dept of Water Resources/O & M
EEL,EEL RIVER (USFS),EEL R,MENDOCINO,-123.083,39.833,1500,US Forest Service
EGL,EAGLE CREEK,TULE R,TULARE,-118.641,35.983,6700,US Army Corps of Engineers
EGN,COSUMNES RIVER AT EAGLES NEST ROAD,COSUMNES R,SACRAMENTO,-121.26,38.485,100,Sacramento County
ELG,ELK GROVE FISH HATCHERY,COSUMNES R,SACRAMENTO,-121.374,38.421,45,Sacramento County
ELK,ELK VALLEY,SMITH R,DEL NORTE,-123.718,41.988,1705,CA Dept of Water Resources/Flood Management
ELN,EASTSIDE BYPASS NEAR EL NIDO,SAN JOAQUIN R,MERCED,-120.6053,37.1475,100,CA Dept of Water Resources/Flood Management
ELP,EEL RIVER BELOW LAKE PILLSBURY 24HR AVG,EEL R,LAKE,-122.9703,39.4081,1740,Pacific Gas & Electric
EMM,EMMATON (USBR),DELTA,SACRAMENTO,-121.73892,38.08396,0,US Bureau of Reclamation
ENG,ENGLEBRIGHT (USACE),YUBA R,NEVADA,-121.267,39.239,551,US Army Corps of Engineers
EP5,ECHO PEAK 5,LAKE TAHOE,EL DORADO,-120.079,38.849,7800,Natural Resources Conservation Service
EPH,ELECTRA PH,MOKELUMNE R,AMADOR,-120.667,38.333,720,Pacific Gas & Electric
EPK,EAST PARK RESERVOIR,STONY CR,COLUSA,-122.517,39.367,1205,US Bureau of Reclamation
EPW,EL PORTAL,MERCED R,MARIPOSA,-119.78792,37.67533,2073,National Park Service
ERC,EEL RIVER CAMP,EEL R,HUMBOLDT,-123.824,40.138,470,CAL FIRE
ERK,EUREKA WOODLEY ISLAND,EEL R,HUMBOLDT,-124.167,40.8,20,National Weather Service
ERY,ELLERY LAKE,MONO LAKE,MONO,-119.2322,37.93497,9645,CA Dept of Water Resources/Snow Surveys
EVA,EEL RIVER BELOW VAN ARSDALE DAM 24HR AVG,EEL R,MENDOCINO,-123.115,39.3886,1400,Pacific Gas & Electric
EWS,PLUMAS EUREKA ST PARK WEATHER STATION,FEATHER R,PLUMAS,-120.69611,39.75778,5107,CA Dept of Water Resources/Flood Management
EXC,NEW EXCHEQUER-LK MCCLURE,MERCED R,MARIPOSA,-120.27,37.585,879,Merced Irrigation District
FAL,FALSE RIVER,DELTA,CONTRA COSTA,-121.6669,38.0558,0,USGS and DWR
FBS,FORBESTOWN,FEATHER R,BUTTE,-121.2661,39.517,2840,Pacific Gas & Electric
FCH,FANCHER CREEK,KINGS R,FRESNO,-119.4658,36.8839,920,CAL FIRE
FCT,FISHERMANS CUT,SAN JOAQUIN R,SAN JOAQUIN,-121.64884,38.06782,4,CA Dept of Water Resources/NCRO
FDC,FORESTDALE CREEK,CARSON R,ALPINE,-119.9597,38.6824,8017,Natural Resources Conservation Service
FDL,FIDDLETOWN,COSUMNES R,AMADOR,-120.7,38.533,2160,US Bureau of Reclamation
FEN,FENCE MEADOW,KINGS R,FRESNO,-119.175,36.961,5048,US Forest Service
FFB,SAN JOAQUIN R AT FREMONT FORD BRIDGE,SAN JOAQUIN R,MERCED,-120.93104,37.30994,65,US Geological Survey
FGC,FRIANT GOVERNMENT CAMP,SAN JOAQUIN R,FRESNO,-119.717,36.983,410,National Weather Service
FHH,FALLS CK NR HETCH HETCHY,TUOLUMNE R,TUOLUMNE,-119.7633,37.9708,5350,City and County of San Francisco
FIG,FIGUEROA,SANTA YNEZ R,SANTA BARBARA,-120.007,34.734,3200,US Forest Service
FIS,FISH CREEK MOUNTAINS,WEST SALTON SEA,IMPERIAL,-116.058,32.983,760,US Bureau of Land Management
FLD,FOLSOM DAM - FOLSOM POINT (DYKE 8),AMERICAN R,SACRAMENTO,-121.12972,38.69305,350,National Weather Service
FLL,FALLEN LEAF LAKE,LAKE TAHOE,EL DORADO,-120.056,38.932,6250,Natural Resources Conservation Service
FLR,FLORENCE LAKE (SCE),SAN JOAQUIN R,FRESNO,-118.967,37.267,7325,"Southern California Edison Company, Big Creek"
FLW,FLOWER MOUNTAIN,STANISLAUS R,TUOLUMNE,-120.6803,37.92,1480,US Army Corps of Engineers
FMC,FREMONT CANYON,SANTA ANA R,ORANGE,-117.708,33.8111,1750,Orange County Fire Authority
FMD,FRENCH MEADOWS,AMERICAN R,PLACER,-120.468,39.112,5263,Placer County Water Agency
FML,FIVE MILE,KINGS R,INYO,-117.918,35.872,4150,US Bureau of Land Management
FO1,FORT ORD #1,SALINAS R,MONTEREY,-121.798,36.627,460,US Army
FO2,FORT ORD #2,SALINAS R,MONTEREY,-121.786,36.627,490,US Army
FOL,FOLSOM LAKE,AMERICAN R,SACRAMENTO,-121.183,38.683,466,US Bureau of Reclamation
FOR,FOUR TREES,FEATHER R,PLUMAS,-121.32254,39.81237,5150,CA Dept of Water Resources/O & M
FPT,SACRAMENTO RIVER AT FREEPORT,SACRAMENTO R,SACRAMENTO,-121.5,38.45,0,US Geological Survey
FPX,SACRAMENTO RIVER AT FREEPORT AUX,SACRAMENTO R,SACRAMENTO,-121.5,38.45,0,US Geological Survey
FR1,FARMINGTON CENTRAL ID CANAL,LITTLEJOHN CR,SAN JOAQUIN,-120.935,37.915,180,US Army Corps of Engineers
FR2,FARMINGTON STOCKTON EAST CANAL,LITTLEJOHN CR,SAN JOAQUIN,-120.935,37.915,180,US Army Corps of Engineers
FRA,FEATHER RIVER AT MILE 61.6,FEATHER R,BUTTE,-121.597,39.468,125,CA Dept of Water Resources
FRD,FRENCHMAN DAM,FEATHER R,PLUMAS,-120.183,39.883,5517,CA Dept of Water Resources/O & M
FRE,SACTO R AT FREMONT WEIR (CREST 33.5'),SACRAMENTO R,YOLO,-121.66727,38.75926,40,CA Dept of Water Resources/NCRO
FRH,FORESTHILL R S,AMERICAN R,PLACER,-120.85,39.017,3015,US Forest Service
FRM,FARMINGTON (SPILL ELEV 156.5 FT),LITTLEJOHN CR,SAN JOAQUIN,-120.935,37.915,180,US Army Corps of Engineers
FRN,FORNI RIDGE,AMERICAN R,EL DORADO,-120.213,38.805,7600,US Bureau of Reclamation
FRO,FRESNO WB AIRPORT,TULARE LAKE,FRESNO,-119.717,36.767,328,National Weather Service
FRP,FARRAR PARK,DELTA,SAN JOAQUIN,-121.64,38.012,0,US Bureau of Reclamation
FRT,FRIANT DAM,SAN JOAQUIN R,FRESNO,-119.692,36.995,578,US Bureau of Reclamation
FRW,FAREWELL GAP,KAWEAH R,TULARE,-118.5789,36.41509,9500,CA Dept of Water Resources/Snow Surveys
FSF,FOLSOM LAKE SAFCA WCD,AMERICAN R,SACRAMENTO,-121.183,38.683,466,US Bureau of Reclamation
FSW,EEL RIVER AT FORT SEWARD,EEL R,HUMBOLDT,-123.63253,40.2182,320,USGS and DWR
FTO,FEATHER RIVER AT OROVILLE,FEATHER R,BUTTE,-121.547,39.522,149,CA Dept of Water Resources/Snow Surveys
FTS,FOUNTAIN SPRINGS,KERN R,TULARE,-118.9156,35.8911,210,CAL FIRE
GAS,GASQUET RANGER STATION,SMITH R,DEL NORTE,-123.967,41.85,384,CA Dept of Water Resources/Flood Management
GBS,GIBSON MAINTENANCE STATION,SACRAMENTO R,SHASTA,-122.41,41.025,1650,National Weather Service
GCT,GRANTLINE CANAL AT TRACY RD BRIDGE,SAN JOAQUIN R,SAN JOAQUIN,-121.44986,37.82014,25,CA Dept of Water Resources
GDJ,GOODWIN N MAIN (SSJ) CANAL,STANISLAUS R,CALAVERAS,-120.603,37.875,359,US Bureau of Reclamation
GDS,GOODWIN S MAIN (OAKDALE) CANAL,STANISLAUS R,CALAVERAS,-120.603,37.875,359,US Bureau of Reclamation
GDW,GOODWIN DAM,STANISLAUS R,CALAVERAS,-120.6297,37.8628,359,US Bureau of Reclamation
GEM,GEM PASS,MONO LAKE,MONO,-119.17,37.78,10750,CA Dept of Water Resources/Snow Surveys
GES,SACRAMENTO RIVER BELOW GEORGIANA SLOUGH,SACRAMENTO R,SACRAMENTO,-121.5234,38.2389,0,US Geological Survey
GGT,GOLDEN GATE,SF BAY,SAN FRANCISCO,-122.474,37.81,0,National Weather Service
GIB,GIBSON,SACRAMENTO R,SHASTA,-122.3992,41.0225,1633,CA Dept of Water Resources/Flood Management
GIN,GIN FLAT,MERCED R,MARIPOSA,-119.773,37.767,7050,CA Dept of Water Resources/Snow Surveys
GKS,GREEK STORE,AMERICAN R,PLACER,-120.558,39.075,5600,US Bureau of Reclamation
GLC,GRANTLINE CANAL (USGS),SAN JOAQUIN R,SAN JOAQUIN,-121.5485,37.8196,10,USGS and DWR
GLH,GLEN HELEN REGIONAL PARK,LYTLE CR,SAN BERNARDINO,-117.405,34.209,2040,None Specified
GLL,GERLE LAKE,AMERICAN R,EL DORADO,-120.367,39.033,5860,Sacramento Municipal Utility District
GLN,GREEN'S LANDING,SACRAMENTO R,SACRAMENTO,-121.546,38.345,5,US Bureau of Reclamation
GLR,GILMORE RANCH,CALAVERAS R,SAN JOAQUIN,-120.987,38.045,220,San Joaquin County
GLV,GLENVILLE FS,KERN R,KERN,-118.7,35.717,3140,Kern County
GNF,GIANT FOREST (USACE),KAWEAH R,TULARE,-118.765,36.562,6650,US Army Corps of Engineers
GNL,GIANELLI MEADOW,STANISLAUS R,TUOLUMNE,-119.89319,38.20431,8400,US Bureau of Reclamation
GNV,GREENVILLE RS,FEATHER R,PLUMAS,-120.933,40.133,3570,National Weather Service
GOL,GOLD LAKE,FEATHER R,SIERRA,-120.61718,39.67478,6750,CA Dept of Water Resources/O & M
GRD,GIRARD,SACRAMENTO R,SHASTA,-122.283,41.133,4800,US Bureau of Reclamation
GRE,GREENVILLE,FEATHER R,PLUMAS,-120.9412,40.1394,3560,CA Dept of Water Resources/Flood Management
GRF,SAN JOAQUIN RIVER AT GRAVELLY FORD,SAN JOAQUIN R,FRESNO,-120.16,36.798,170,US Bureau of Reclamation
GRG,GEORGETOWN RS (USFS),AMERICAN R,EL DORADO,-120.8,38.933,3001,US Forest Service
GRL,FEATHER RIVER NEAR GRIDLEY,FEATHER R,BUTTE,-121.64737,39.36658,92,CA Dept of Water Resources/O & M
GRM,GREEN MOUNTAIN,SAN JOAQUIN R,MADERA,-119.238,37.555,7900,US Bureau of Reclamation
GRN,GREEN SPRINGS,TUOLUMNE R,TUOLUMNE,-120.5,37.833,1020,CAL FIRE
GRO,GRANT GROVE,KINGS R,TULARE,-118.967,36.733,6600,US National Forest
GRS,GRASSHOPPER,SUSAN R,LASSEN,-120.78445,40.78167,6050,CAL FIRE
GRV,GRAVEYARD MEADOW,SAN JOAQUIN R,MADERA,-119.29,37.465,6900,US Bureau of Reclamation
GRZ,GRIZZLY RIDGE,FEATHER R,PLUMAS,-120.645,39.917,6900,CA Dept of Water Resources/O & M
GTM,GOAT MOUNTAIN,SAN JOAQUIN R,MADERA,-119.543,37.27,4520,US Bureau of Reclamation
GTW,GEORGETOWN (USBR),AMERICAN R,EL DORADO,-120.789,38.925,3250,US Bureau of Reclamation
GVY,GRASS VALLEY,YUBA R,NEVADA,-121.0672,39.2056,2400,CA Dept of Water Resources/Flood Management
GYS,GOODYEAR SLOUGH,DELTA,SOLANO,-122.095,38.118,0,"CA Dept of Water Resources, DES"
HAC,RUSSIAN RIVER NEAR HACIENDA BRIDGE,RUSSIAN R,SONOMA,-122.92777,38.50852,20,USGS and DWR
HAT,HAT CK PH NO 1,HAT CR,SHASTA,-121.55,40.933,3020,Pacific Gas & Electric
HBP,HARVEY O BANKS PUMPING P (KA000331),DELTA,CONTRA COSTA,-121.62028,37.80194,4,CA Dept of Water Resources/O & M
HCK,HOCKETT MEADOW (USACE),KAWEAH R,TULARE,-118.651,36.371,8500,US Army Corps of Engineers
HDC,HENDRICKS CANAL,FEATHER R,BUTTE,-121.529,39.934,9999,Pacific Gas & Electric
HDL,HOADLEY,TRINITY R,SHASTA,-122.75,40.683,4580,US Bureau of Reclamation
HDZ,HERNANDEZ,SAN BENITO R,SAN BENITO,-120.854,36.383,3752,CAL FIRE
HEA,RUSSIAN RIVER NEAR HEALDSBURG,RUSSIAN R,SONOMA,-122.83638,38.61324,108,USGS and DWR
HGM,HAGANS MEADOW,LAKE TAHOE,EL DORADO,-119.94,38.853,8000,Natural Resources Conservation Service
HHL,HELL HOLE (PCWA),AMERICAN R,PLACER,-120.407,39.058,4630,Placer County Water Agency
HHM,HIGHLAND MEADOW,MOKELUMNE R,ALPINE,-119.80575,38.48731,8700,CA Dept of Water Resources/Snow Surveys
HID,HIDDEN DAM (HENSLEY),FRESNO R,MADERA,-119.917,37.2,561,US Army Corps of Engineers
HIG,HIGHLAND LAKES,TRINITY R,TRINITY,-122.483,41.093,6030,US Bureau of Reclamation
HKY,HAWKEYE,RUSSIAN R,SONOMA,-122.84,38.727,2000,CAL FIRE
HLC,HILLCREST,PIT R,SHASTA,-121.883,40.867,3440,US Bureau of Reclamation
HLD,HIGHLAND PEAK,DELTA,CONTRA COSTA,-121.8084,37.8145,2520,Contra Costa County
HLH,HELL HOLE (USFS),AMERICAN R,PLACER,-120.4217,39.0717,4580,US Forest Service
HLL,HOLLAND TRACT,DELTA,CONTRA COSTA,-121.579,38.008,0,US Bureau of Reclamation
HMB,HUMBUG,FEATHER R,PLUMAS,-121.368,40.115,6500,CA Dept of Water Resources/O & M
HMC,SACRAMENTO R AT HAMILTON CITY-MAIN CH,SACRAMENTO R,GLENN,-121.99788,39.75092,145,CA Dept of Water Resources/O & M
HNT,HUNTINGTON LAKE (USBR),SAN JOAQUIN R,FRESNO,-119.221,37.228,7000,US Bureau of Reclamation
HNY,HONEYDEW,MATTOLE R,HUMBOLDT,-124.148,40.23,370,CA Dept of Water Resources/Flood Management
HOL,HOLLAND CUT NEAR BETHEL ISLAND,SAN JOAQUIN R,SAN JOAQUIN,-121.5819,38.0164,0,USGS and DWR
HOP,RUSSIAN RIVER NEAR HOPLAND,RUSSIAN R,MENDOCINO,-123.13056,39.02656,498,USGS/USACE
HOR,HORSE MEADOW (NRCS),CARSON R,ALPINE,-119.8873,38.8365,8557,Natural Resources Conservation Service
HPA,TRINITY RIVER AT HOOPA,TRINITY R,HUMBOLDT,-123.67367,41.04985,330,USGS and DWR
HRF,HARKNESS FLAT,FEATHER R,LASSEN,-121.275,40.418,6200,"Pacific Gas and Electric Company, Rogers Flat"
HRK,HARKNESS FLAT,FEATHER R,LASSEN,-121.275,40.418,6200,CA Dept of Water Resources/O & M
HRO,HARVEY O BANKS PUMPING PLANT,DELTA,CONTRA COSTA,-121.623,37.798,4,CA Dept of Water Resources
HRR,HARRISON GULCH RS,SACTO VLY WEST,SHASTA,-122.967,40.367,2750,US Forest Service
HRS,HORSE MEADOW,TUOLUMNE R,TUOLUMNE,-119.662,38.158,8400,CA Dept of Water Resources/Snow Surveys
HRZ,HIRZ,SACRAMENTO R,SHASTA,-122.25,40.9,3200,US Bureau of Reclamation
HSS,HOSSACK,TULE R,TULARE,-118.619,36.181,7100,US Army Corps of Engineers
HTC,HAT CREEK #1 PH (PG&E),PIT R,LASSEN,-121.55,40.933,3015,Pacific Gas & Electric
HTG,HASTINGS,CARMEL R,MONTEREY,-121.551,36.388,1824,CAL FIRE
HTH,HETCH HETCHY,TUOLUMNE R,TUOLUMNE,-119.783,37.95,3870,Hetch Hetchy Water and Power
HTN,HUNTINGTON LAKE (PG&E) (OBSERVER),SAN JOAQUIN R,FRESNO,-119.225,37.225,7000,Pacific Gas & Electric
HUL,HULL MTN,EEL R,MENDOCINO,-122.94833,39.53333,6461,CA Dept of Water Resources/Flood Management
HVN,HEAVENLY VALLEY,LAKE TAHOE,EL DORADO,-119.917,38.929,8800,Natural Resources Conservation Service
HYS,HUYSINK,AMERICAN R,PLACER,-120.527,39.282,6600,US Bureau of Reclamation
ICH,ICE HOUSE (SMUD),AMERICAN R,EL DORADO,-120.359,38.824,5454,Sacramento Municipal Utility District
IDB,CCWD OLD RIVER PP NEAR DISCOVERY BAY,DELTA,CONTRA COSTA,-121.577,37.8833,0,Contra Costa Water District
IDC,INDEPENDENCE CAMP,TRUCKEE R,SIERRA,-120.29855,39.45259,7000,Natural Resources Conservation Service
IDP,INDEPENDENCE LAKE (SCS),TRUCKEE R,NEVADA,-120.322,39.435,8450,Natural Resources Conservation Service
IGO,CLEAR CREEK NR IGO,SACRAMENTO R,SHASTA,-122.52418,40.51321,673,US Geological Survey
INB,CCWD ROCK SLOUGH PP NEAR BRENTWOOD,DELTA,CONTRA COSTA,-121.702,37.996,0,Contra Costa Water District
INN,INDEPENDENCE CREEK,TRUCKEE R,SIERRA,-120.293,39.494,6500,Natural Resources Conservation Service
INP,INDEPENDENCE LAKE NEAR TRUCKEE,TRUCKEE R,SIERRA,-120.29,39.452,6921,US Geological Survey
INV,INDIAN VALLEY,CACHE CR,LAKE,-122.533,39.083,1502,Yolo County Flood Control and Water Consv Dist
ISB,ISABELLA DAM,KERN R,KERN,-118.473,35.646,2635,US Army Corps of Engineers
IWC,INDIAN WELLS CANYON,MOJAVE DESERT,KERN,-117.8894,35.685,4000,US Bureau of Land Management
JAR,JARBO GAP,FEATHER R,BUTTE,-121.489,39.736,2700,CAL FIRE
JCR,JUDGE F CARR PH,SACTO VLY WEST,SHASTA,-122.626,40.647,9999,US Bureau of Reclamation
JDP,JORDAN PEAK,FEATHER R,PLUMAS,-120.2889,40.036,6812,CA Dept of Water Resources
JER,JERSEY POINT,DELTA,CONTRA COSTA,-121.6888,38.05199,0,US Bureau of Reclamation
JNC,JUNCTION,AMERICAN R,EL DORADO,-120.453,38.853,4468,Sacramento Municipal Utility District
JNR,JOHNSON RANCH,EAST BAY,ALAMEDA,-121.604,37.6667,2042,San Joaquin County
JSD,JERSEYDALE,MERCED R,MARIPOSA,-119.84,37.542,3900,US Forest Service
JUC,JUNIPER CREEK,PIT R,MODOC,-120.467,41.328,4700,US Bureau of Land Management
JUL,JULIAN,SAN DIEGO R,SAN DIEGO,-116.591,33.076,4240,CAL FIRE
JWB,JAWBONE,MOJAVE DESERT,KERN,-118.226,35.295,4300,CAL FIRE
KCP,KERN CANYON PH (OBSERVER),KERN R,KERN,-118.441,35.441,702,Pacific Gas & Electric
KES,KESWICK RESERVOIR,SACRAMENTO R,SHASTA,-122.443,40.601,596,US Bureau of Reclamation
KET,KETTENPOM,EEL R,TRINITY,-123.467,40.15,3468,CA Dept of Water Resources/Flood Management
KIB,LOWER KIBBIE RIDGE,TUOLUMNE R,TUOLUMNE,-119.877,38.032,6700,CA Dept of Water Resources/Snow Surveys
KLL,KELLY RIDGE POWER PLANT,FEATHER R,BUTTE,-121.483,39.533,180,South Feather Water and Power Agency
KLR,KILARC PH,SACTO VLY NE,SHASTA,-121.867,40.683,2650,Pacific Gas & Electric
KNK,KLAMATH RIVER NEAR KLAMATH,KLAMATH R,DEL NORTE,-123.97952,41.51096,60,US Geological Survey
KNO,KNOXVILLE CREEK,PUTAH CR,LAKE,-122.4172,38.8619,2200,US Bureau of Land Management
KNW,KEENWILD,SAN JACINTO R,RIVERSIDE,-116.714,33.714,4920,US Forest Service
KP3,KERN PH 3,KERN R,KERN,-118.43606,35.7759,2703,"Southern California Edison Company, Big Creek"
KPH,KERN CANYON PH (PG&E),KERN R,KERN,-118.783,35.433,570,Pacific Gas & Electric
KPI,KERN POWER HOUSE INTAKE,KERN R,KERN,-118.47686,35.9458,3654,Southern California Edison Company
KR1,KERN PH 1,KERN R,KERN,-118.77,35.46,1000,"Southern California Edison Company, Big Creek"
KR3,KERN R INTAKE NO. 3,KERN R,KERN,-118.48,35.95,3650,"Southern California Edison Company, Big Creek"
KRN,KERNVILLE (USFS),KERN R,KERN,-118.425,35.755,2720,US Forest Service
KSP,KAISER POINT,SAN JOAQUIN R,FRESNO,-119.1,37.3,9200,US Bureau of Reclamation
KTL,KETTLE ROCK,FEATHER R,PLUMAS,-120.715,40.14,7300,CA Dept of Water Resources/O & M
KTT,KETTLEMAN HILLS,TULARE LAKE,KINGS,-120.057,36.033,810,US Bureau of Land Management
KWK,KESWICK (WATER QUALITY),SACRAMENTO R,SHASTA,-122.44446,40.60098,596,CA Dept of Water Resources
LA1,LA COUNTY PORTABLE RAWS,LOS ANGELES R,LOS ANGELES,-118.406,34.258,960,Los Angeles County Fire Dept
LAP,LA PORTE (DWR),FEATHER R,PLUMAS,-120.983,39.681,4980,CA Dept of Water Resources/O & M
LAS,LASSEN LODGE,SACRAMENTO R,TEHAMA,-121.7,40.35,4120,CAL FIRE
LAY,LAYTONVILLE,EEL R,MENDOCINO,-123.485,39.702,1838,CAL FIRE
LBD,LOBDELL LAKE,WALKER R,MONO,-119.377,38.44,9200,Natural Resources Conservation Service
LBN,LOS BANOS (CDF),SAN JOAQUIN R,MERCED,-121.049,37.053,350,CAL FIRE
LBR,LIBERTY ROAD,PETALUMA R,SONOMA,-122.7,38.283,100,City of Petaluma
LCB,OREGON CREEK BELOW LOG CABIN,YUBA R,YUBA,-121.058,39.445,1913,Yuba County
LCL,LEO CARRILLO STATE PARK,VENTURA LA COASTAL,LOS ANGELES,-118.936,34.046,50,Los Angeles County Fire Dept
LCN,LINCOLN,AMERICAN R,PLACER,-121.272,38.882,200,CAL FIRE
LCS,LOWER CRYSTAL SPRINGS,SAN MATEO CREEK,SAN MATEO,-122.363,37.5325,424,San Francisco PUC
LDB,LADDER BUTTE,PIT R,LASSEN,-121.317,40.817,5700,US Forest Service
LDG,LODGEPOLE,KAWEAH R,TULARE,-118.733,36.6,6735,Sequoia and Kings Canyon National Parks
LEG,SOUTH FORK EEL RIVER AT LEGGETT,EEL R,MENDOCINO,-123.72058,39.8746,747,USGS and DWR
LEW,LEWISTON,TRINITY R,TRINITY,-122.793,40.727,1870,US Bureau of Reclamation
LGN,TUOLUMNE R BLW LA GRANGE DAM NR LA GRANG,TUOLUMNE R,STANISLAUS,-120.44214,37.66632,170,US Geological Survey
LGS,LOG SPRING,SACTO VLY WEST,TEHAMA,-122.783,39.833,5100,US Army Corps of Engineers
LGV,LITTLE GRASS VALLEY,FEATHER R,PLUMAS,-121.019,39.724,5047,South Feather Water and Power Agency
LIC,LICHAU CREEK,PETALUMA R,SONOMA,-122.633,38.317,600,City of Petaluma
LKS,LAKESHORE,SACRAMENTO R,SHASTA,-122.383,40.867,1100,US Bureau of Reclamation
LLP,LOWER LASSEN PEAK,FEATHER R,SHASTA,-121.50811,40.4666,8250,"Pacific Gas and Electric Company, Rogers Flat"
LON,LOON LAKE (SMUD),AMERICAN R,EL DORADO,-120.323,38.983,6410,Sacramento Municipal Utility District
LOS,LAKE LOIS,AMERICAN R,EL DORADO,-120.197,38.925,8600,CA Dept of Water Resources/Snow Surveys
LPA,LAKE PALMDALE,MOJAVE DESERT,LOS ANGELES,-118.1014,34.5372,2980,Los Angeles County Fire Dept
LPY,LAKE PILLSBURY NR POTTER VLY 24HR AVG,EEL R,LAKE,-122.9583,39.4083,1828,Pacific Gas & Electric
LPZ,LA PANZA,SALINAS R,SAN LUIS OBISPO,-120.1881,35.3806,1650,CAL FIRE
LRM,LAURAL MOUNTAIN,CHINA LAKE,KERN,-117.6992,35.4783,4390,US Bureau of Land Management
LSF,LAS FLORES-CAMP PENDELTON,SANTA MARGARITA R,SAN DIEGO,-117.439,33.289,100,US Marine Corps
LSP,LAKE SPAULDING (PG&E),YUBA R,NEVADA,-120.633,39.317,5156,Pacific Gas & Electric
LTB,LAS TABLAS,SALINAS R,SAN LUIS OBISPO,-120.92416,35.65639,900,CAL FIRE
LTH,LOST HORSE,WHITEWATER R,RIVERSIDE,-116.183,34.017,4100,National Park Service
LTJ,LITTLE TUJUNGA,LOS ANGELES R,LOS ANGELES,-118.361,34.294,1390,US Forest Service
LTR,LAS TRAMPAS,EAST BAY,CONTRA COSTA,-122.067,37.834,1760,East Bay Regional Parks Fire-Rescue Services
LVC,LAKE VALLEY CANAL,AMERICAN R,PLACER,-120.642,39.299,5410,Pacific Gas & Electric
LVM,LEAVITT MEADOWS,WALKER R,MONO,-119.552,38.305,7200,Natural Resources Conservation Service
LVO,LIVE OAK CANYON - LIVE OAK DAM,LOS ANGELES R,LOS ANGELES,-117.744,34.134,1510,Los Angeles County
LVT,LEAVITT LAKE,WALKER R,MONO,-119.621,38.282,9600,Natural Resources Conservation Service
LVY,LAKE VALLEY RESERVOIR,AMERICAN R,PLACER,-120.583,39.3,5855,Pacific Gas & Electric
LYC,LYTLE CREEK,SANTA ANA R,SAN BERNARDINO,-117.48,34.234,2792,US Forest Service
LYO,LYONS VALLEY,RUSSIAN R,LAKE,-123.071,39.125,3200,US Bureau of Land Management
LYS,LYONS RESERVOIR,STANISLAUS R,TUOLUMNE,-120.166,38.094,4134,Pacific Gas & Electric
MAL,SACRAMENTO RIVER AT MALLARD ISLAND,SACRAMENTO R,CONTRA COSTA,-121.92009,38.0428,0,"CA Dept of Water Resources, DES"
MAM,MAMMOTH PASS (LADWP),OWENS R,MONO,-119.033,37.61,9300,City of Los Angeles; Dept of Water and Power
MAP,MAPEL RANCH,JACALITOS CR,FRESNO,-120.483,36.039,2640,CA Dept of Water Resources/O & M
MAR,MARIPOSA CREEK DAM,MERCED R,MARIPOSA,-120.147,37.292,459,US Army Corps of Engineers
MB3,MIDDLE BOULDER 3,SCOTT R,SISKIYOU,-122.811,41.225,6200,US Bureau of Reclamation
MBB,MERCED RIVER NEAR BRICEBURG,MERCED R,MARIPOSA,-119.9781,37.5989,1150,Merced Irrigation District
MBR,MEADOWBROOK (PG&E),KINGS R,FRESNO,-118.863,37.082,8021,Pacific Gas & Electric
MCF,METCALF GAP,FRESNO R,MADERA,-119.765,37.41,3300,CAL FIRE
MCH,MILL CREEK BELOW HWY 99,SACRAMENTO R,TEHAMA,-122.10463,40.04006,230,CA Dept of Water Resources
MCK,BEAR CREEK AT MC KEE ROAD,SAN JOAQUIN R,MERCED,-120.4456,37.3092,167,US Army Corps of Engineers
MCL,MCCLOUD DAM (PG&E),MC CLOUD R,SHASTA,-122.071,41.13,2690,Pacific Gas & Electric
MCM,MORRISON CREEK AT MACK ROAD,SACRAMENTO R,SACRAMENTO,-121.458,38.478,13,Sacramento Dept of Public Works
MCN,MOCCASIN,TUOLUMNE R,TUOLUMNE,-120.3,37.82,938,Hetch Hetchy Water and Power
MCY,MALIBU CANYON,VENTURA LA COASTAL,LOS ANGELES,-118.7033,34.0839,610,Los Angeles County
MDF,MAD RIVER (USFS),MAD R,TRINITY,-123.524,40.463,2775,US Forest Service
MDL,MUD LAKE,MOKELUMNE R,AMADOR,-120.14,38.615,7900,Sacramento Municipal Utility District
MDM,MIDDLE RIVER AT MIDDLE RIVER,DELTA,SAN JOAQUIN,-121.534,37.943,10,US Geological Survey
MDW,MEADOW LAKE,YUBA R,NEVADA,-120.50626,39.40607,7200,CA Dept of Water Resources/Snow Surveys
MDZ,MENDEZ RANCH,CALAVERAS R,STANISLAUS,-120.924,38.062,322,San Joaquin County
MED,MEDICINE LAKE,PIT R,SISKIYOU,-121.6131,41.5869,6700,US Bureau of Reclamation
MEN,SAN JOAQUIN RIVER NEAR MENDOTA,SAN JOAQUIN R,FRESNO,-120.37823,36.8105,170,US Geological Survey
MER,FEATHER RIVER AT MERRIMAC,FEATHER R,BUTTE,-121.27,39.709,1560,CA Dept of Water Resources/O & M
MGN,MAGOON,FRESNO R,MARIPOSA,-119.8125,37.4894,3150,US Army Corps of Engineers
MHB,COSUMNES RIVER AT MICHIGAN BAR,COSUMNES R,SACRAMENTO,-121.04522,38.50019,168,US Geological Survey
MHP,MAMMOTH PASS (USBR),OWENS R,MONO,-119.033,37.61,9300,US Bureau of Reclamation
MHR,MIDDLE RIVER AT HOWARD ROAD BRIDGE,SAN JOAQUIN R,SAN JOAQUIN,-121.384,37.877,20,CA Dept of Water Resources
MI1,FRIANT DAM MADERA CANAL,SAN JOAQUIN R,FRESNO,-119.705,37.001,581,US Bureau of Reclamation
MI2,FRIANT DAM FK CANAL,SAN JOAQUIN R,FRESNO,-119.705,37.001,581,US Bureau of Reclamation
MIC,MIOCENE CANAL,FEATHER R,BUTTE,-121.56,39.69,1000,Pacific Gas & Electric
MIL,FRIANT DAM (MILLERTON),SAN JOAQUIN R,FRESNO,-119.705,37.001,581,US Bureau of Reclamation
MIM,MINERAL (DWR-2),SACTO VLY NE,TEHAMA,-121.6,40.35,4875,National Weather Service
MIN,MINERAL,SACTO VLY NE,TEHAMA,-121.609,40.348,4957,CA Dept of Water Resources/Flood Management
MIR,MINER SLOUGH NEAR SACRAMENTO RIVER,SACRAMENTO R,SOLANO,-121.66606,38.23603,5,CA Dept of Water Resources/NCRO
MKM,MOKELUMNE-MOKELUMNE HILL,MOKELUMNE R,AMADOR,-120.719,38.313,575,East Bay Municipal Utility District
MLB,MALIBU,VENTURA LA COASTAL,LOS ANGELES,-118.644,34.0617,1575,Los Angeles County Fire Dept
MLC,MILL CREEK NEAR LA CANADA,SAN GABRIEL R,LOS ANGELES,-118.067,34.383,3510,US Forest Service
MLD,MCCLOUD,MC CLOUD R,SHASTA,-122.133,41.25,3280,US Bureau of Reclamation
MLL,MILL CREEK NEAR YUCAIPA,SANTA ANA R,SAN BERNARDINO,-117.035,34.083,2950,US Bureau of Land Management
MLM,MILL CREEK NR LOS MOLINOS,SACRAMENTO R,TEHAMA,-122.02415,40.0546,385,US Geological Survey
MLR,MALLORY RIDGE,DELTA,CONTRA COSTA,-121.779,37.817,2040,Contra Costa Water District
MMW,MOUNTAIN MEADOWS,FEATHER R,LASSEN,-121.017,40.283,5046,Pacific Gas & Electric
MNH,MOUNTAIN HOME,TULE R,TULARE,-118.71,36.242,5400,US Army Corps of Engineers
MNR,MINERAL (OBSERVER),SACTO VLY NE,TEHAMA,-121.6,40.35,4875,National Weather Service
MNS,MEANS LAKE,WHITEWATER R,SAN BERNARDINO,-116.517,34.391,2900,US Bureau of Land Management
MNT,MONITOR PASS,CARSON R,ALPINE,-119.615,38.67,8350,Natural Resources Conservation Service
MNZ,MANZANITA LAKE (CDF),SACTO VLY NE,SHASTA,-121.582,40.543,5750,US Forest Service
MOC,MONTCLAIR,SAN ANTONIO CR (SOUTH COAST),SAN BERNARDINO,-117.682,34.094,1208,None Specified
MOD,TUOLUMNE RIVER AT MODESTO,TUOLUMNE R,STANISLAUS,-120.98799,37.62688,90,US Geological Survey
MOJ,MOJAVE RIVER SINK,MOJAVE R,SAN BERNARDINO,-116.083,35.058,950,US Bureau of Land Management
MPG,MARIPOSA GROVE,MERCED R,MARIPOSA,-119.6,37.5,6400,CAL FIRE
MRB,SAN JOAQUIN R AT MAZE RD BRIDGE,SAN JOAQUIN R,STANISLAUS,-121.2276,37.6414,39,CA Dept of Water Resources
MRC,MERCED R NR MERCED FALLS,MERCED R,MERCED,-120.331,37.522,311,US Geological Survey
MRD,EEL RIVER SF NR MIRANDA (AT SYLVANDALE),EEL R,HUMBOLDT,-123.77615,40.18181,218,USGS and DWR
MRL,MARLETTE LAKE,LAKE TAHOE,State of Nevada,-119.905,39.173,8000,Natural Resources Conservation Service
MRN,MORMON ROCK,LYTLE CR,SAN BERNARDINO,-117.502,34.317,3300,US Forest Service
MRP,MARIPOSA RANGER STATION,MERCED R,MARIPOSA,-119.98695,37.50417,2250,CAL FIRE
MRT,MARTIS CREEK RESERVOIR,TRUCKEE R,NEVADA,-120.113,39.327,5745,US Army Corps of Engineers
MRY,YUBA RIVER NEAR MARYSVILLE,YUBA R,YUBA,-121.52496,39.17572,88,US Geological Survey
MRZ,MARTINEZ,EAST BAY,CONTRA COSTA,-122.14049,38.02764,8,"CA Dept of Water Resources, DES"
MSC,MOUNT SHASTA CITY,SACRAMENTO R,SISKIYOU,-122.317,41.317,3590,National Weather Service
MSD,SAN JOAQUIN RIVER AT MOSSDALE BRIDGE,SAN JOAQUIN R,SAN JOAQUIN,-121.306,37.786,31,"CA Dept of Water Resources, DES"
MSG,MUD SLOUGH NR GUSTINE,SAN JOAQUIN R,MERCED,-120.9056,37.2625,70,US Geological Survey
MSK,MOUNT ROSE SKI AREA,LAKE TAHOE,State of Nevada,-119.902,39.326,8900,Natural Resources Conservation Service
MSM,MOUNT SHASTA CITY (DWR-2),SACRAMENTO R,SISKIYOU,-122.317,41.317,3590,National Weather Service
MSN,MERCED RIVER NEAR SNELLING,MERCED R,MERCED,-120.451,37.502,260,CA Dept of Water Resources
MSS,MCCLOUD RIVER ABOVE SHASTA LAKE,MC CLOUD R,SHASTA,-122.219,40.958,1100,Pacific Gas & Electric
MST,MERCED RIVER NEAR STEVINSON,MERCED R,MERCED,-120.931,37.371,82,CA Dept of Water Resources/SCRO
MTA,MT SHASTA,SACRAMENTO R,SISKIYOU,-122.317,41.315,3550,US Forest Service
MTB,MIDDLE RIVER AT TRACY BLVD,SAN JOAQUIN R,SAN JOAQUIN,-121.456,37.881,20,CA Dept of Water Resources
MTC,MONTECITO,S BARBARA COAST,SANTA BARBARA,-119.643,34.46,1500,US Forest Service
MTD,MOUNT DIABLO,EAST BAY,CONTRA COSTA,-121.9141,37.8816,3849,San Ramon Valley Fire District
MTE,MOUNT ELIZABETH,TUOLUMNE R,TUOLUMNE,-120.241,38.057,4933,US Forest Service
MTF,MOUNTAIN REST,SAN JOAQUIN R,FRESNO,-119.371,37.054,4100,US Forest Service
MTM,MITCHELL MEADOW,KINGS R,TULARE,-118.712,36.737,9900,US Army Corps of Engineers
MTO,MF TUOLUMNE R NR OAKLAND REC CAMP,TUOLUMNE R,TUOLUMNE,-120.1081,37.8283,2800,City and County of San Francisco
MTS,MOUNT SHASTA,SACRAMENTO R,SISKIYOU,-122.316,41.313,3545,CA Dept of Water Resources/Flood Management
MTY,MONTEREY AIRPORT,CARMEL R,MONTEREY,-121.8475,36.59056,217,National Weather Service
MTZ,MT. ZION,MOKELUMNE R,AMADOR,-120.6525,38.39,2968,CAL FIRE
MUD,MUD SPRINGS,TRINITY R,TRINITY,-123.283,40.717,3400,CA Dept of Water Resources/Flood Management
MUM,MUMBO BASIN,TRINITY R,TRINITY,-122.523,41.197,5650,US Bureau of Reclamation
MVD,MUCK VALLEY DIVERSION (PG&E),PIT R,SHASTA,-121.155,41.015,4300,Pacific Gas & Electric
NAP,NAPA RIVER NEAR NAPA,NAPA R,NAPA,-122.30331,38.36824,25,USGS and DWR
NAT,LAKE NATOMA (NIMBUS DAM),AMERICAN R,SACRAMENTO,-121.183,38.65,132,US Bureau of Reclamation
NCS,NEWCASTLE-PINEVIEW SCHOOL,AMERICAN R,PLACER,-121.135,38.874,890,City of Roseville
NEW,SAN JOAQUIN RIVER NEAR NEWMAN,SAN JOAQUIN R,MERCED,-120.97715,37.35049,90,USGS and DWR
NFD,NF AMERICAN R AT NORTH FORK DAM,AMERICAN R,PLACER,-121.02383,38.93601,715,US Geological Survey
NFR,NORTH FORK R S,SAN JOAQUIN R,MADERA,-119.5,37.233,2630,US Forest Service
NFW,N FK WILLOW CK NR SUGAR PINE,SAN JOAQUIN R,MADERA,-119.5592,37.3978,5200,Madera Irrigation District
NHG,NEW HOGAN LAKE,CALAVERAS R,CALAVERAS,-120.812,38.152,554,US Army Corps of Engineers
NHP,NEWHALL PASS,SANTA CLARA R,LOS ANGELES,-118.5203,34.3369,2135,Los Angeles County Fire Dept
NLS,NOEL SPRING,STONY CR,GLENN,-122.667,39.538,5100,US Army Corps of Engineers
NML,NEW MELONES RESERVOIR,STANISLAUS R,CALAVERAS,-120.525,37.9481,1135,US Bureau of Reclamation
NMR,NORTH MOKELUMNE R @ W WALNUT GROVE RD,MOKELUMNE R,SAN JOAQUIN,-121.5071,38.2232,0,US Geological Survey
NMS,NEW MELONES,STANISLAUS R,CALAVERAS,-120.525,37.948,1400,US Bureau of Reclamation
NSL,NATIONAL STEEL,SACRAMENTO R,SOLANO,-121.8881,38.1221,0,"CA Dept of Water Resources, DES"
NSN,NORTH SAN ANDREAS,SAN MATEO CREEK,SAN MATEO,-122.443,37.612,617,San Francisco PUC
NTP,NATURE POINT,SAN JOAQUIN R,MADERA,-119.36,37.342,5150,US Bureau of Reclamation
NVC,NOVATO CREEK,SF BAY,MARIN,-122.564,38.085,125,Marin County
NVD,NEVADA CITY,YUBA R,NEVADA,-121.001,39.25,2781,Nevada County
O8I,OROVILLE 8 STATION WETNESS INDEX,FEATHER R,SIERRA,-120.678,39.623,6000,CA Dept of Water Resources/O & M
OAD,OLD RIVER NEAR DMC ABOVE DAM,SAN JOAQUIN R,SAN JOAQUIN,-121.54211,37.81032,4,CA Dept of Water Resources
OBB,STANISLAUS R AT ORANGE BLOSSOM BRIDGE,STANISLAUS R,STANISLAUS,-120.75,37.783,117,CA Dept of Water Resources
OBD,OLD RIVER NEAR DMC BELOW DAM,SAN JOAQUIN R,SAN JOAQUIN,-121.54394,37.81096,4,CA Dept of Water Resources
OBI,OLD RIVER AT BACON ISLAND (USGS),DELTA,SAN JOAQUIN,-121.57222,37.96937,10,USGS and DWR
OCL,ORESTIMBA CK AT RIVER RD NR CROWS LNDG,SAN JOAQUIN R,STANISLAUS,-121.01604,37.41355,65,US Geological Survey
ODM,OLD RIVER AT DELTA MENDOTA CANAL,DELTA,SAN JOAQUIN,-121.54214,37.8103,10,USGS and DWR
OGO,OGO RANGER STATION,COTTONWOOD CR,SHASTA,-122.737,40.423,1300,CA Dept of Water Resources/Flood Management
OH1,OLD RIVER AT HEAD,SAN JOAQUIN R,SAN JOAQUIN,-121.33125,37.80755,15,CA Dept of Water Resources
OHD,OUR HOUSE DAM,YUBA R,YUBA,-120.9964,39.412,1960,CA Dept of Water Resources/Flood Management
OJA,OJAI ,SAN ANTONIO CR (SOUTH COAST),VENTURA,-119.23,34.448,765,Ventura County
OKB,OAK BOTTOM,SACRAMENTO R,SHASTA,-122.606,40.651,1326,National Park Service
OKC,OAKDALE CANAL,TUOLUMNE R,TUOLUMNE,-120.632,37.859,350,US Geological Survey
OKG,OAK GROVE,SANTA MARGARITA R,SAN DIEGO,-116.795,33.393,2752,US Forest Service
OKH,OAKHURST,FRESNO R,MADERA,-119.6758,37.3447,2360,US Army Corps of Engineers
OKK,OAK KNOLL,SMITH R,DEL NORTE,-123.833,41.833,1940,US Forest Service
OKN,O'KANE (BLUE LAKE),REDWOOD CR,HUMBOLDT,-123.81534,40.90596,850,USGS and DWR
OLD,OLD RIVER NEAR TRACY,DELTA,SAN JOAQUIN,-121.44956,37.80481,5,CA Dept of Water Resources/O & M
OLS,KLAMATH RIVER AT ORLEANS,KLAMATH R,HUMBOLDT,-123.5345,41.30346,430,USGS and DWR
OMR,"OLD & MIDDLE RVRS, TIDALLY FILTERED EST",DELTA,SAN JOAQUIN,-121.5711,37.97,10,CA Dept of Water Resources/O & M
OMT,O&M REAL TIME MONITORING TEST STATION,SACRAMENTO R,SACRAMENTO,-121.4977,38.5755,13,CA Dept of Water Resources/O & M
ONG,O'NEILL FOREBAY @ GIANELLI PUMPING PLANT,SAN JOAQUIN R,MERCED,-121.0719,37.0666,0,"CA Dept of Water Resources, DES"
ONI,CHECK 13 (O'NEILL INTAKE),SAN JOAQUIN R,MERCED,-121.036,37.091,176,US Bureau of Reclamation
ONO,OAKLAND NORTH,EAST BAY,ALAMEDA,-122.217,37.867,1500,Oakland Fire Services Agency
ORD,SACRAMENTO R AT ORD FERRY-MAIN CHANNEL,SACRAMENTO R,GLENN,-121.99318,39.62813,115,CA Dept of Water Resources
ORH,MIDDLE YUBA RIVER BELOW OUR HOUSE DAM,YUBA R,YUBA,-120.997,39.412,1958,Yuba County
ORK,REDWOOD CREEK AT ORICK,REDWOOD CR,HUMBOLDT,-124.05119,41.29929,36,USGS and DWR
ORO,OROVILLE DAM,FEATHER R,BUTTE,-121.493,39.54,900,CA Dept of Water Resources/O & M
OSJ,OLD RIVER AT FRANKS TRACT NEAR TERMINOUS,DELTA,SAN JOAQUIN,-121.5789,38.0711,0,USGS and DWR
OSO,OAKLAND SOUTH,EAST BAY,ALAMEDA,-122.1436,37.7881,1000,Oakland Fire Services Agency
OVC,OWENS VALLEY,OWENS R,INYO,-118.55,37.39,4640,CAL FIRE
OWN,OWENS CREEK DAM,MERCED R,MARIPOSA,-120.187,37.282,424,US Army Corps of Engineers
OWS,OROVILLE DAM SPILLWAY WEATHER STATION,FEATHER R,BUTTE,-121.491,39.543,880,CA Dept of Water Resources
OZN,OZENA,CUYAMA R,VENTURA,-119.354,34.682,3670,US Forest Service
PAN,PANAMINT,AMARGOSA R,INYO,-117.083,36.117,6880,US Bureau of Land Management
PAR,PARDEE,MOKELUMNE R,CALAVERAS,-120.85,38.25,568,East Bay Municipal Utility District
PAS,SALINAS RIVER AT PASO ROBLES,SALINAS R,SAN LUIS OBISPO,-120.68433,35.62858,700,USGS and DWR
PCF,PACIFIC HOUSE (OBSERVER),AMERICAN R,EL DORADO,-120.5,38.765,3400,National Weather Service
PCK,PECKINPAH,SAN JOAQUIN R,MADERA,-119.458,37.25,5150,US Bureau of Reclamation
PCN,PIT RIVER NEAR CANBY,PIT R,MODOC,-120.92774,41.406,4266,US Geological Survey
PCR,PINECREST (PG&E),STANISLAUS R,TUOLUMNE,-119.983,38.2,5600,Pacific Gas & Electric
PCT,PORT CHICAGO,DELTA,CONTRA COSTA,-122.025,38.059,0,US Bureau of Reclamation
PCV,PLACERVILLE,AMERICAN R,EL DORADO,-120.82,38.7,1850,National Weather Service
PDD,WALNUT CREEK AT PUDDINGSTONE DAM,SAN GABRIEL R,LOS ANGELES,-117.807,34.092,1030,None Specified
PDE,PARADISE,FEATHER R,BUTTE,-121.6247,39.7536,1750,CA Dept of Water Resources
PDS,PARADISE MEADOW,TUOLUMNE R,TUOLUMNE,-119.67,38.047,7650,CA Dept of Water Resources/Snow Surveys
PET,PETERSON FLAT,TRINITY R,TRINITY,-122.5277,41.3023,7150,US Bureau of Reclamation
PFH,PACIFIC HOUSE,AMERICAN R,EL DORADO,-120.5,38.76,3440,US Bureau of Reclamation
PFW,PINE FLAT WEATHER,KINGS R,FRESNO,-119.3369,36.8236,610,US Army Corps of Engineers
PHM,PACIFIC HOUSE (DWR-2),AMERICAN R,EL DORADO,-120.5,38.765,3400,National Weather Service
PIN,PINE GROVE,MOKELUMNE R,AMADOR,-120.633,38.4,2440,CA Dept of Water Resources
PIU,PIRU,SANTA CLARA R,VENTURA,-118.81,34.404,624,Ventura County
PKC,PIKE COUNTY,YUBA R,YUBA,-121.202,39.475,3714,US Forest Service
PKF,PARKFIELD,SALINAS R,MONTEREY,-120.432,35.899,1535,CAL FIRE
PLD,PILARCITOS DAM,SAN MATEO CREEK,SAN MATEO,-122.422,37.548,700,San Francisco PUC
PLM,PALM SPRINGS AIRPORT,WHITEWATER R,RIVERSIDE,-116.50361,33.82222,474,National Weather Service
PLP,PILOT PEAK (DWR),FEATHER R,PLUMAS,-120.87778,39.78589,6800,CA Dept of Water Resources/O & M
PMN,PIT RIVER NEAR MONTGOMERY CREEK,PIT R,SHASTA,-122.016,40.843,1036,US Bureau of Reclamation
PMR,PATTERSON MTN REPEATER,KINGS R,FRESNO,-119.0508,36.9564,8140,US Army Corps of Engineers
PNC,PINECREST-STRAWBERRY,STANISLAUS R,TUOLUMNE,-119.984,38.2,5620,Pacific Gas & Electric
PNF,PINE FLAT DAM,KINGS R,FRESNO,-119.325,36.833,970,US Army Corps of Engineers
PNT,PINEHURST,KINGS R,FRESNO,-119,36.68528,4060,US Forest Service
POH,MERCED R AT POHONO BR NR YOSEMITE,MERCED R,MARIPOSA,-119.66628,37.71687,3862,US Geological Survey
POP,ANTELOPE VALLEY CALIF POPPY RESERVE,ANTELOPE VALLEY,LOS ANGELES,-118.404,34.738,2760,Los Angeles County Fire Dept
POT,POTRERO,SWEETWATER R,SAN DIEGO,-116.609,32.605,2350,CAL FIRE
POV,POVERTY,ALAMEDA CR,SANTA CLARA,-121.77056,37.44306,2066,San Francisco PUC
PPP,PACHECO PUMPING PLANT (SLR00000),SAN JOAQUIN R,MERCED,-121.1806,37.0619,548,CA Dept of Water Resources/O & M
PPT,PRISONERS POINT,DELTA,SAN JOAQUIN,-121.562,38.066,0,"CA Dept of Water Resources, DES"
PR1,PIT #1 PH (PG&E),PIT R,SHASTA,-121.498,41,2880,Pacific Gas & Electric
PR3,PIT #3 PH (PG&E),PIT R,SHASTA,-121.747,40.998,2100,Pacific Gas & Electric
PR5,PIT #5 PH (PG&E),PIT R,LASSEN,-121.978,40.987,1458,Pacific Gas & Electric
PRA,PRADO DAM,SANTA ANA R,RIVERSIDE,-117.643,33.89,566,US Army Corps of Engineers
PRD,PARADISE FIRE STATION,BUTTE CR,BUTTE,-121.617,39.75,1750,National Weather Service
PRR,PERRIS,SAN JACINTO R,RIVERSIDE,-117.183,33.858,1600,"CA Dept of Water Resources, Southern Field Div"
PRS,PROSSER CREEK RESERVOIR,TRUCKEE R,NEVADA,-120.1367,39.3794,5622,US Geological Survey
PRT,PORTOLA,FEATHER R,PLUMAS,-120.467,39.8,4850,National Weather Service
PRY,PERRY RANCH,CALAVERAS R,CALAVERAS,-120.922,38.149,315,US Army Corps of Engineers
PSB,PASO ROBLES AIRPORT,SALINAS R,SAN LUIS OBISPO,-120.62611,35.67305,836,National Weather Service
PSC,PASCOES,KERN R,TULARE,-118.35,35.967,9150,US Army Corps of Engineers
PSM,PLASKETT MEADOWS,EEL R,GLENN,-122.85,39.725,6000,US Army Corps of Engineers
PSN,POISON FLAT,CARSON R,ALPINE,-119.631,38.501,7900,Natural Resources Conservation Service
PSR,POISON RIDGE,SAN JOAQUIN R,MADERA,-119.52,37.403,6900,US Bureau of Reclamation
PT1,PIT R PH #1,PIT R,SHASTA,-121.5,41,2880,Pacific Gas & Electric
PT5,PIT R PH #5,PIT R,SHASTA,-121.983,40.983,1460,Pacific Gas & Electric
PTE,PIUTES FS,MOJAVE DESERT,KERN,-118.2789,35.4456,6440,US Bureau of Land Management
PTR,POINT REYES,COAST-MARIN,MARIN,-122.95,38.083,80,National Weather Service
PTS,PITTSBURG,DELTA,CONTRA COSTA,-121.883,38.033,10,US Bureau of Reclamation
PTV,POTTER VALLEY,RUSSIAN R,MENDOCINO,-123.1272,39.3644,1080,US Army Corps of Engineers
PUD,SAN DIMAS CK AT PUDDINGSTON DIVERSN,SAN GABRIEL R,LOS ANGELES,-117.782,34.121,1130,None Specified
PUL,PULGAS,SAN MATEO CREEK,SAN MATEO,-122.298,37.475,644,San Francisco PUC
PVL,PRATTVILLE (PG&E),FEATHER R,PLUMAS,-121.157,40.209,4520,Pacific Gas & Electric
PVP,POTTER VALLEY PH,RUSSIAN R,MENDOCINO,-123.133,39.367,1020,Pacific Gas & Electric
PVY,POTTER VALLEY PG&E - 24HR AVG,RUSSIAN R,MENDOCINO,-123.127,39.362,1080,Pacific Gas & Electric
PWS,PLACERVILLE WEATHER STATION,AMERICAN R,EL DORADO,-120.8243,38.69543,1858,CA Dept of Water Resources/Flood Management
PYM,PYRAMID,U SANTA CLARA R,LOS ANGELES,-118.75,34.633,2606,"CA Dept of Water Resources, Southern Field Div"
QCY,QUINCY (DWR),FEATHER R,PLUMAS,-120.95,39.935,3408,CA Dept of Water Resources/O & M
QNC,QUINCY RS (USFS),FEATHER R,PLUMAS,-120.95,39.96,3420,US Forest Service
QRD,QUINCY RADIO STATION,FEATHER R,PLUMAS,-120.9475,39.9366,3420,National Weather Service
QRM,QUINCY (DWR-2),FEATHER R,PLUMAS,-120.9475,39.9366,3420,National Weather Service
QTZ,QUARTZ HILL,SCOTT R,SISKIYOU,-122.929,41.6,4238,CAL FIRE
QUA,QUAKING ASPEN,TULE R,TULARE,-118.53994,36.11754,7200,CA Dept of Water Resources/Snow Surveys
QYR,QUINCY RANGER DISTRICT,FEATHER R,PLUMAS,-120.941,39.975,3500,US Forest Service
RAN,RANCHITA,SAN LUIS REY R,SAN DIEGO,-116.4975,33.22222,3450,CAL FIRE
RAV,RAVENDALE,SUSAN R,LASSEN,-120.316,40.731,5298,US Forest Service
RBB,ROBBS SADDLE,AMERICAN R,EL DORADO,-120.3793,38.91153,5900,Sacramento Municipal Utility District
RBL,RUBICON LAKE,AMERICAN R,EL DORADO,-120.217,38.967,6800,Sacramento Municipal Utility District
RBP,ROBBS POWERHOUSE,AMERICAN R,EL DORADO,-120.37654,38.90238,5150,Sacramento Municipal Utility District
RBR,ROBIDART RANCH,CALAVERAS R,SAN JOAQUIN,-121.031,38.137,315,San Joaquin County
RBW,RAINBOW DIVERSION DAM,STONY CR,COLUSA,-122.605,39.371,1297,US Bureau of Reclamation
RCC,ROBINSON COW CAMP,YUBA R,SIERRA,-120.68,39.6219,6480,CA Dept of Water Resources/Snow Surveys
RCK,ROCK CREEK LAKES,OWENS R,INYO,-118.73507,37.4573,9700,CA Dept of Water Resources/Snow Surveys
RCM,ROCK CAMP,MOJAVE DESERT,SAN BERNARDINO,-117.213,34.288,4924,US Forest Service
RDB,SACRAMENTO R AT RED BLUFF DIVERSION DAM,SACRAMENTO R,TEHAMA,-122.20195,40.15436,236,US Bureau of Reclamation
RDD,REDDING AIRPORT,SACTO VLY NE,SHASTA,-122.3,40.5,502,None Specified
RDH,READER RANCH,YUBA R,NEVADA,-121.117,39.304,2025,CAL FIRE
RED,REDDING,SACRAMENTO R,SHASTA,-122.291,40.516,500,US Forest Service
REL,LOWER RELIEF VALLEY,STANISLAUS R,TUOLUMNE,-119.758,38.243,8100,CA Dept of Water Resources/Snow Surveys
RFS,REDDING FIRE STATION,SACTO VLY NE,SHASTA,-122.4193,40.5736,740,US Bureau of Reclamation
RGC,ROGERS CAMP,TULE R,TULARE,-118.637,36.108,6200,US Army Corps of Engineers
RIC,RICE VALLEY,COLORADO R,RIVERSIDE,-114.707,34.063,820,US Bureau of Land Management
RIP,STANISLAUS RIVER AT RIPON,STANISLAUS R,SAN JOAQUIN,-121.1105,37.72965,73,US Geological Survey
RIV,RIO VISTA,DELTA,SOLANO,-121.68636,38.15974,0,US Bureau of Reclamation
RKC,ROCK CREEK NEAR MAMMOTH LAKES,OWENS R,MONO,-118.667,37.551,7040,US Forest Service
RLF,RELIEF,STANISLAUS R,TUOLUMNE,-119.733,38.267,7220,Pacific Gas & Electric
RNC,RANCHO CORDOVA,AMERICAN R,SACRAMENTO,-121.311,38.604,72,Sacramento County
RND,ROUND MOUNTAIN (CDF),PIT R,SISKIYOU,-121.458,41.42,5258,CAL FIRE
ROS,SANTA ROSA ISLAND,S BARBARA COAST,SANTA BARBARA,-120.067,33.967,1250,National Park Service
ROV,ROSE VALLEY,U SANTA CLARA R,VENTURA,-119.184,34.536,3331,CAL FIRE
RP2,RUBICON PEAK 2,LAKE TAHOE,EL DORADO,-120.14,39.001,7500,Natural Resources Conservation Service
RPN,RIPON,STANISLAUS R,SAN JOAQUIN,-121.109,37.73,35,US Bureau of Reclamation
RRF,RAILROAD FLAT,CALAVERAS R,CALAVERAS,-120.543,38.314,2720,US Army Corps of Engineers
RRG,RODDY RANCH GOLF CLUB,EAST BAY,CONTRA COSTA,-121.7858,37.9236,403,Contra Costa County
RRI,ROUGH AND READY ISLAND,SAN JOAQUIN R,SAN JOAQUIN,-121.365,37.963,15,"CA Dept of Water Resources, DES"
RRM,RED ROCK MOUNTAIN,TRINITY R,TRINITY,-122.885,41.023,6700,US Bureau of Reclamation
RSH,RUSH CREEK POWER HOUSE,MONO LAKE,MONO,-119.131,37.769,7240,US Forest Service
RSP,ROSE PEAK,EAST BAY,ALAMEDA,-121.736,37.502,3060,East Bay Regional Parks Fire-Rescue Services
RTD,RUTH DAM,MAD R,TRINITY,-123.433,40.367,2675,USGS and DWR
RTH,RUTH LAKE,MAD R,HUMBOLDT,-123.372,40.319,2700,CA Dept of Water Resources/Flood Management
RTL,RATTLESNAKE,FEATHER R,PLUMAS,-121.043,40.125,6100,CA Dept of Water Resources/O & M
RUM,CACHE CREEK AT RUMSEY BRIDGE,CACHE CR,YOLO,-122.238,38.89,400,USGS and DWR
RVB,SACRAMENTO RIVER AT RIO VISTA BRIDGE,SACRAMENTO R,SOLANO,-121.68636,38.15974,0,"CA Dept of Water Resources, DES"
RVE,RIVERSIDE AIRPORT,SANTA ANA R,RIVERSIDE,-117.44417,33.95195,827,National Weather Service
SAD,SADDLE CAMP,COTTONWOOD CR,TEHAMA,-122.8,40.167,3850,CA Dept of Water Resources
SAE,SACRAMENTO EXECUTIVE AIRPORT,SACRAMENTO R,SACRAMENTO,-121.495,38.50694,21,National Weather Service
SAF,SANTA FE,SAN GABRIEL R,LOS ANGELES,-117.9464,34.1261,500,Los Angeles County Fire Dept
SAL,SAN ANDREAS LANDING,DELTA,SAN JOAQUIN,-121.591,38.104,0,US Bureau of Reclamation
SAR,SANTA ROSA PLATEAU,SAN JACINTO R,RIVERSIDE,-117.231,33.529,1980,CAL FIRE
SAU,SAUGUS,SANTA CLARA R,LOS ANGELES,-118.525,34.425,1450,Los Angeles County Fire Dept
SAV,SHAVER,SAN JOAQUIN R,FRESNO,-119.25611,37.135,5746,CAL FIRE
SBG,SHASTA R BLW CTY RD A-12 NR GRENADA,SHASTA R,SISKIYOU,-122.49917,41.64907,2490,"CA Dept of Water Resources, NRO"
SBK,SADDLEBACK,YUBA R,SIERRA,-120.2025,39.475,6670,US Forest Service
SBY,STRAWBERRY VALLEY,FEATHER R,YUBA,-121.106,39.564,3810,CA Dept of Water Resources/O & M
SC1,SACATA REPEATER,KINGS R,FRESNO,-119.2075,36.9153,3520,US Army Corps of Engineers
SCC,SUCCESS DAM,TULE R,TULARE,-118.922,36.061,692,US Army Corps of Engineers
SCD,SCOTT DAM,EEL R,LAKE,-122.9586,39.4083,1807,Pacific Gas & Electric
SCI,SAN CLEMENTE ISLAND,S BARBARA COAST,SAN DIEGO,-118.388,32.84,935,National Park Service
SCL,SAN JOAQUIN R NR CROWS LANDING,SAN JOAQUIN R,STANISLAUS,-121.01382,37.43188,60,US Geological Survey
SCN,SCHNEIDERS,AMERICAN R,EL DORADO,-120.068,38.747,8750,Sacramento Municipal Utility District
SCO,EEL RIVER AT SCOTIA,EEL R,HUMBOLDT,-124.09977,40.49152,160,USGS and DWR
SCP,SCORPION,TRINITY R,TRINITY,-122.697,41.112,4400,US Forest Service
SCR,SACRAMENTO WB CITY,SACTO VLY WEST,SACRAMENTO,-121.5,38.583,25,National Weather Service
SCT,SCOTT MOUNTAIN,SCOTT R,SISKIYOU,-122.718,41.272,5900,US Bureau of Reclamation
SCY,SAN BERNARDINO COUNTY YARD,SANTA ANA R,SAN BERNARDINO,-117.268,34.104,1042,None Specified
SDD,SADDLEBACK BUTTE,ANTELOPE VALLEY,LOS ANGELES,-117.821,34.668,2590,Los Angeles County Fire Dept
SDF,SAND FLAT,SACRAMENTO R,SISKIYOU,-122.2464,41.3504,6750,US Bureau of Reclamation
SDG,SAN DIEGO NWS-LINDBERGH FIELD,SAN DIEGO R,SAN DIEGO,-117.167,32.733,13,National Weather Service
SDP,SAN JOAQUIN R NR DOS PALOS,SAN JOAQUIN R,FRESNO,-120.5015,36.994,116,CA Dept of Water Resources
SDR,SAN ANDREAS,CALAVERAS R,CALAVERAS,-120.68,38.2,54,National Weather Service
SDW,SUMMIT MEADOW,WALKER R,MONO,-119.5356,38.3975,9313,Natural Resources Conservation Service
SET,STOCKTON EAST TUNNEL,STANISLAUS R,CALAVERAS,-120.637,37.852,252,US Geological Survey
SEW,SMITH PEAK RAWS,TUOLUMNE R,TUOLUMNE,-120.1008,37.8005,3871,US Forest Service
SEY,SOUTH ENTRANCE YOSEMITE,MERCED R,MARIPOSA,-119.633,37.5,5120,National Weather Service
SFB,SPRING GAP FOREBAY (PG&E),STANISLAUS R,CALAVERAS,-120.103,38.172,5100,Pacific Gas & Electric
SFJ,SCOTT RIVER NEAR FORT JONES,KLAMATH R,SISKIYOU,-123.01504,41.64069,2623,USGS and Quartz Valley Tribe
SFN,SAN FRANCISCO,SF BAY,SAN FRANCISCO,-122.42694,37.77056,150,National Weather Service
SFS,STOCKTON FIRE STATION,SAN JOAQUIN R,SAN JOAQUIN,-121.319,37.999,14,CA Dept of Water Resources
SGF,SPRING GAP FOREBAY,STANISLAUS R,TUOLUMNE,-120.103,38.172,5100,Pacific Gas & Electric
SGK,SUGARLOAF NR KYBURZ,AMERICAN R,EL DORADO,-120.31,38.7839,5563,US Forest Service
SGL,SUGARLOAF,KINGS R,TULARE,-118.667,36.733,6600,National Park Service
SGP,SUGAR PINE,AMERICAN R,PLACER,-120.75,39.128,3843,US Bureau of Reclamation
SGV,SPRINGVILLE TULE POWERPLANT,TULE R,TULARE,-118.7072,36.1631,4070,Pacific Gas & Electric
SH4,ST. HELENA 4WSW,NAPA R,NAPA,-122.53972,38.49306,1729,CA Dept of Water Resources
SHA,SHASTA DAM (USBR),SACRAMENTO R,SHASTA,-122.42,40.718,1067,US Bureau of Reclamation
SHD,SHASTA DAM (WATER QUALITY),SACRAMENTO R,SHASTA,-122.4253,40.7161,580,US Bureau of Reclamation
SHI,SHINGLETOWN,SACTO VLY WEST,SHASTA,-121.85,40.496,3630,CA Dept of Water Resources
SHK,SOUTH FORK MOUNTAIN,SACRAMENTO R,SHASTA,-122.525,40.657,3450,US Bureau of Reclamation
SHM,SHIMMY LAKE,TRINITY R,TRINITY,-122.8,41.008,6400,US Bureau of Reclamation
SHO,SHASTA DAM (OBS),SACRAMENTO R,SHASTA,-122.417,40.717,1075,US Bureau of Reclamation
SHQ,SHADEQUARTER MOUNTAIN,KAWEAH R,TULARE,-118.972,36.571,4069,CAL FIRE
SHR,SHEEP RANCH,CALAVERAS R,CALAVERAS,-120.462,38.21,2370,US Army Corps of Engineers
SHS,SHASTA DAM (USBR),SACRAMENTO R,SHASTA,-122.417,40.717,1100,US Bureau of Reclamation
SIL,SILVER LAKE,AMERICAN R,EL DORADO,-120.118,38.678,7100,US Bureau of Reclamation
SIV,SILVER LAKE RESERVOIR,AMERICAN R,AMADOR,-120.121,38.669,7134,El Dorado Irrigation District
SJE,SAN JOSE (ALERT),LOS GATOS CR (NEAR SAN JOSE),SANTA CLARA,-121.927,37.362,58,Santa Clara County
SJJ,SAN JOAQUIN RIVER AT JERSEY POINT (USGS),SAN JOAQUIN R,SAN JOAQUIN,-121.689,38.052,10,US Geological Survey
SJL,SAN JOAQUIN R BLW OLD R NEAR LATHROP,SAN JOAQUIN R,SAN JOAQUIN,-121.32404,37.81115,10,CA Dept of Water Resources
SJP,SAN JOAQUIN RIVER NEAR PATTERSON,SAN JOAQUIN R,STANISLAUS,-121.081,37.494,97,CA Dept of Water Resources
SJR,SAN JOAQUIN R MCCUNE STATION NR VERNALIS,SAN JOAQUIN R,SAN JOAQUIN,-121.26511,37.67929,32,"CA Dept of Water Resources, DES"
SJS,SAN JOAQUIN RIVER NEAR STEVINSON,SAN JOAQUIN R,MERCED,-120.851,37.295,82,CA Dept of Water Resources
SJT,UPPER SAN JOAQUIN TOTAL,SAN JOAQUIN R,none specified,-999.999,99.999,9999,None Specified
SLA,SLATE CREEK TUNNEL,YUBA R,PLUMAS,-121.051,39.616,9999,South Feather Water and Power Agency
SLB,SLAB CREEK,AMERICAN R,EL DORADO,-120.6994,38.7725,1850,Sacramento Municipal Utility District
SLC,SLY CREEK,FEATHER R,BUTTE,-121.116,39.584,3536,South Feather Water and Power Agency
SLE,SAN LEANDRO BAY,SF BAY,ALAMEDA,-122.217,37.7,10,Alameda County
SLH,SOUTH LAKE TAHOE AIRPORT,TRUCKEE R,EL DORADO,-119.99472,38.89834,6314,National Weather Service
SLI,SLIDE CANYON,TUOLUMNE R,TUOLUMNE,-119.43,38.092,9200,CA Dept of Water Resources
SLK,SOUTH LAKE,OWENS R,INYO,-118.56266,37.1759,9600,CA Dept of Water Resources/Snow Surveys
SLM,STANISLAUS MEADOW,STANISLAUS R,ALPINE,-119.9373,38.5055,7750,US Bureau of Reclamation
SLP,SLY PARK,COSUMNES R,EL DORADO,-120.563,38.718,3530,US Bureau of Reclamation
SLS,SALT SPRINGS,MOKELUMNE R,AMADOR,-120.216,38.497,3700,Pacific Gas & Electric
SLT,SLATE CREEK,SACRAMENTO R,SHASTA,-122.478,41.045,5700,US Bureau of Reclamation
SMB,SANTA MARGARITA BOOSTER,SALINAS R,SAN LUIS OBISPO,-120.637,35.374,1100,CA Dept of Water Resources
SMF,SACRAMENTO INTERNATIONAL AIRPORT,SACTO VLY WEST,SACRAMENTO,-121.587,38.686,17,Sacramento County
SMG,SAN MIGUEL,SWEETWATER R,SAN DIEGO,-116.974,32.685,425,US Fish & Wildlife Service
SMI,SMITH MOUNTAIN,SALINAS R,MONTEREY,-120.608,36.083,3920,CA Dept of Water Resources/O & M
SMN,SAN JOAQUIN R ABV MERCED R NR NEWMAN,SAN JOAQUIN R,SAN JOAQUIN,-120.97618,37.34721,60,US Geological Survey
SMV,SIMI VALLEY,SANTA CLARA R,VENTURA,-118.7976,34.2912,914,Ventura County
SNC,SUNRISE CLUB,DELTA,SOLANO,-122.083,38.185,0,"CA Dept of Water Resources, DES"
SND,SAN DIMAS DAM,SAN GABRIEL R,LOS ANGELES,-117.771,34.153,1350,None Specified
SNF,SNOW FLAT,MERCED R,MARIPOSA,-119.497,37.827,8700,Yosemite National Park
SNL,SAN LUIS RESERVOIR,SAN LUIS CR,MERCED,-121.133,37.033,543,CA Dept of Water Resources
SNM,SNOW MOUNTAIN,PIT R,SHASTA,-121.782,40.778,5950,US Bureau of Reclamation
SNO,SONOMA COUNTY AIRPORT (SANTA ROSA),RUSSIAN R,SONOMA,-122.81028,38.50389,114,National Weather Service
SNR,SANGUINETTI RANCH,SAN JOAQUIN R,SAN JOAQUIN,-120.981,37.993,238,San Joaquin County
SNS,STANISLAUS R-GOODWIN,STANISLAUS R,CALAVERAS,-120.637,37.852,252,US Geological Survey
SNV,SAN ANTONIO RESERVOIR,ALAMEDA CR,ALAMEDA,-121.84582,37.57723,498,San Francisco PUC
SOC,STOCKTON AIRPORT,LITTLEJOHN CR,SAN JOAQUIN,-121.22639,37.89,27,National Weather Service
SOD,SODA CREEK,EEL R,HUMBOLDT,-122.983,39.433,1773,US Forest Service
SOI,SACRAMENTO R DOWNSTREAM OF ISLETON,SACRAMENTO R,SACRAMENTO,-121.65686,38.17548,5,CA Dept of Water Resources/NCRO
SOR,SONORA RS,TUOLUMNE R,TUOLUMNE,-120.383,37.983,1749,Tuolumne Utility District
SPA,SPANISH LAKE,LOS GATOS CR (NEAR COALINGA),FRESNO,-120.526,36.262,4840,CA Dept of Water Resources/O & M
SPC,SPRING CREEK DEBRIS DAM,SACRAMENTO R,SHASTA,-122.474,40.629,816,US Bureau of Reclamation
SPM,SPICER MEADOWS,STANISLAUS R,TUOLUMNE,-119.998,38.393,6516,Calaveras County
SPN,LAKE SPAULDING (PRECIP),YUBA R,NEVADA,-120.633,39.317,5160,Pacific Gas & Electric
SPO,SACRAMENTO POST OFFICE,SACTO VLY WEST,SACRAMENTO,-121.5,38.583,25,National Weather Service
SPR,SALINAS RIVER NEAR SPRECKELS,SALINAS R,MONTEREY,-121.67245,36.63107,53,USGS and DWR
SPS,SONORA PASS BRIDGE,WALKER R,MONO,-119.601,38.318,8750,Natural Resources Conservation Service
SPT,SPRATT CREEK,CARSON R,ALPINE,-119.81742,38.66627,6150,Natural Resources Conservation Service
SPV,SPRINGVILLE TULE,TULE R,TULARE,-118.65,36.2,4070,National Weather Service
SPW,STANISLAUS POWERHOUSE,STANISLAUS R,CALAVERAS,-120.367,38.133,1060,Pacific Gas & Electric
SQK,SQUAW LAKE,COLORADO R,IMPERIAL,-114.494,32.908,300,US Bureau of Land Management
SQP,SQUAW PEAK,KLAMATH R,SISKIYOU,-123.0117,42.0697,4964,US Forest Service
SQV,SQUAW VALLEY GOLD COAST,TRUCKEE R,PLACER,-120.276,39.194,8200,Natural Resources Conservation Service
SRA,SAN RAFAEL HILLS,LOS ANGELES R,LOS ANGELES,-118.2125,34.1942,1770,Los Angeles County Fire Dept
SRB,SLATER BUTTE,KLAMATH R,SISKIYOU,-123.354,41.858,4670,US Forest Service
SRC,SIERRA CITY,YUBA R,SIERRA,-120.6528,39.5678,4700,CA Dept of Water Resources
SRH,SACRAMENTO RIVER AT HOOD,SACRAMENTO R,SACRAMENTO,-121.51996,38.36798,4,"CA Dept of Water Resources, DES"
SRI,SANTA RITA,SAN BENITO R,SAN BENITO,-120.598,36.348,5000,CAL FIRE
SRR,SIERRAVILLE RS (USFS),FEATHER R,SIERRA,-120.367,39.583,4975,US Forest Service
SRT,SECRET TOWN,BEAR R,NEVADA,-120.883,39.183,2720,CAL FIRE
SSH,SALT SLOUGH AT HWY 165 NR STEVINSON,SAN JOAQUIN R,MERCED,-120.8511,37.2478,75,US Geological Survey
SSJ,SOUTH SAN JOAQUIN CANAL,CALAVERAS R,AMADOR,-120.637,37.854,334,US Geological Survey
SSL,SIERRA SNOW LAB,YUBA R,NEVADA,-120.367,39.319,6950,CA Dept of Water Resources/Snow Surveys
SSN,SUSANVILLE,SUSAN R,LASSEN,-120.567,40.367,4148,CAL FIRE
SSR,SALT SPRINGS PH (PG&E),MOKELUMNE R,CALAVERAS,-120.219,38.498,3700,Pacific Gas & Electric
STA,SANTA ROSA (CDF),RUSSIAN R,SONOMA,-122.712,38.479,560,CAL FIRE
STG,STONY GORGE RESERVOIR,STONY CR,GLENN,-122.533,39.583,800,US Bureau of Reclamation
STH,NAPA RIVER NEAR ST HELENA,NAPA R,NAPA,-122.45581,38.5113,195,US Geological Survey
STI,STATEN ISLAND,DELTA,SAN JOAQUIN,-121.497,38.117,0,US Bureau of Reclamation
STL,STATE LAKES,KINGS R,FRESNO,-118.574,36.927,10300,US Army Corps of Engineers
STM,STOUTS MEADOW,MC CLOUD R,SHASTA,-121.938,41.17,5400,US Bureau of Reclamation
STN,STANISLAUS PH (OBSERVER),TUOLUMNE R,TUOLUMNE,-120.369,38.14,1135,Pacific Gas & Electric
STO,SF TUOLUMNE R NR OAKLAND REC CAMP,TUOLUMNE R,TUOLUMNE,-120.0119,37.8217,2800,City and County of San Francisco
STP,STAMPEDE,TRUCKEE R,SIERRA,-120.103,39.471,5956,US Geological Survey
STR,OSTRANDER LAKE,MERCED R,MARIPOSA,-119.55,37.637,8200,CA Dept of Water Resources/Snow Surveys
STS,SALT SPRINGS PH (OBSERVER),MOKELUMNE R,AMADOR,-120.217,38.5,3700,Pacific Gas & Electric
STU,TUOLUMNE CANAL NEAR LONG BARN,STANISLAUS R,TUOLUMNE,-120.167,38.093,4110,Pacific Gas & Electric
STV,STRAWBERRY VALLEY,FEATHER R,YUBA,-121.1,39.567,3808,National Weather Service
SVA,SPRING VALLEY,SAN MATEO CREEK,SAN MATEO,-122.436,37.5625,1075,San Francisco PUC
SVL,SIERRAVILLE (DWR),FEATHER R,SIERRA,-120.367,39.583,4975,CA Dept of Water Resources/O & M
SVM,SIERRAVILLE RS (DWR-2),FEATHER R,SIERRA,-120.367,39.583,4975,US Forest Service
SVO,SEVEN OAKS DAM,SANTA ANA R,SAN BERNARDINO,-117.0978,34.1178,2610,"Orange, Riverside and San Bernardino Counties"
SWA,SAN JOAQUIN R NR WASHINGTON RD,SAN JOAQUIN R,MERCED,-120.587,37.11532,109,CA Dept of Water Resources/SCRO
SWB,STRAWBERRY,STANISLAUS R,TUOLUMNE,-119.983,38.2,5620,Pacific Gas & Electric
SWM,SAWMILL,OWENS R,INYO,-118.56252,37.16193,10200,CA Dept of Water Resources/Snow Surveys
SWS,SQUAW SPRINGS,MOJAVE DESERT,SAN BERNARDINO,-117.5703,35.3683,3620,US Bureau of Land Management
SXS,STEAMBOAT SLOUGH NR SACRAMENTO R,SACRAMENTO R,SACRAMENTO,-121.63788,38.19127,5,CA Dept of Water Resources/NCRO
SYB,SAWYERS BAR,SALMON R,SISKIYOU,-123.117,41.3,4500,US Forest Service
SYM,SHASTA DAM (DWR-2),SACRAMENTO R,SHASTA,-122.42,40.718,1067,US Bureau of Reclamation
TAB,THERMALITO AFTERBAY,FEATHER R,BUTTE,-121.633,39.45,140,CA Dept of Water Resources
TAC,TAHOE CITY (NWS),LAKE TAHOE,PLACER,-120.133,39.167,6230,National Weather Service
TAF,TRAVIS AFB,DELTA,SOLANO,-121.9333,38.2667,59,National Weather Service
TAL,TALEGA,SANTA MARGARITA R,SAN DIEGO,-117.487,33.475,1203,Camp Pendleton Fire Dept
TAN,TANBARK ANGELES NF,LOS ANGELES R,LOS ANGELES,-117.767,34.167,2730,US Forest Service
TAY,"NELSON ST, TAYLORSVILLE",FEATHER R,PLUMAS,-120.8357,40.0793,3540,CA Dept of Water Resources
TCC,TAHOE CITY CROSS,LAKE TAHOE,PLACER,-120.15466,39.17144,6750,Natural Resources Conservation Service
TCK,THOMES CREEK (CDF),SACRAMENTO R,TEHAMA,-122.612,39.858,1025,CAL FIRE
TCP,TIGER CREEK POWERHOUSE,MOKELUMNE R,CALAVERAS,-120.483,38.45,2360,Pacific Gas & Electric
TES,TIOGA PASS ENTRY STATION,TUOLUMNE R,TUOLUMNE,-119.25845,37.91085,9945,CA Dept of Water Resources
TGC,TUOLUMNE R AT THE GRAND CYN OF TUOLUMNE ,TUOLUMNE R,TUOLUMNE,-119.6599,37.91659,3830,US Geological Survey
TGR,TIGER CREEK PH,MOKELUMNE R,AMADOR,-120.483,38.45,2360,Pacific Gas & Electric
TGS,TRINITY GUARD STATION,TRINITY R,TRINITY,-122.66,40.825,4100,US Bureau of Reclamation
THA,TOTAL RELEASE-FEATHER R BLW THERMALITO,FEATHER R,BUTTE,-121.633,39.45,900,CA Dept of Water Resources
THO,THOMES CREEK AT PASKENTA,SACRAMENTO R,TEHAMA,-122.52856,39.88784,720,CA Dept of Water Resources
THP,THOMPSON CREEK DAM,LOS ANGELES R,LOS ANGELES,-117.709,34.139,1600,None Specified
TK2,TRUCKEE 2,TRUCKEE R,PLACER,-120.194,39.3,6400,Natural Resources Conservation Service
TKE,TRUCKEE RS (OBS),TRUCKEE R,NEVADA,-120.183,39.333,6020,US Forest Service
TLG,TUOLUMNE R-LA GRANGE DAM,TUOLUMNE R,STANISLAUS,-120.441,37.666,170,Turlock Irrigation District
TLH,TELEGRAPH HILL,STANISLAUS R,TUOLUMNE,-120.353,38.03,3730,US Bureau of Reclamation
TMM,TUOLUMNE MEADOWS (NPS),TUOLUMNE R,TUOLUMNE,-119.319,37.868,9200,National Park Service
TMP,TOMASINI POINT,COAST-MARIN,MARIN,-122.85,38.117,40,CA Dept of Health Services (Richmond)
TMR,TAMARACK SUMMIT,SAN JOAQUIN R,FRESNO,-119.2,37.165,7550,US Bureau of Reclamation
TMS,THREE MILE SLOUGH,SACRAMENTO R,SACRAMENTO,-121.7,38.106,15,CA Dept of Water Resources
TNC,TRINITY CAMP,TRINITY R,TRINITY,-122.833,40.679,2100,CAL FIRE
TNR,TONNER CANYON,SANTA ANA R,LOS ANGELES,-117.8222,33.9475,1340,Los Angeles County Fire Dept
TNY,TENAYA LAKE,MERCED R,MARIPOSA,-119.448,37.838,8150,CA Dept of Water Resources
TOK,THOUSAND OAKS RAWS,SANTA CLARA R,VENTURA,-118.87,34.21,795,Ventura County Fire
TPG,TOPANGA RAWS,VENTURA LA COASTAL,LOS ANGELES,-118.605,34.1364,1600,Los Angeles County Fire Dept
TRI,TRIMMER,KINGS R,FRESNO,-119.2,36.9,1540,US Forest Service
TRM,TERMINUS DAM,KAWEAH R,TULARE,-119.002,36.415,752,US Army Corps of Engineers
TRP,TRACY PUMPING PLANT,SAN JOAQUIN R,SAN JOAQUIN,-121.585,37.8,3,CA Dept of Water Resources/O & M
TRS,TROUGH SPRING,STONY CR,COLUSA,-122.654,39.296,4000,US Army Corps of Engineers
TSL,THREEMILE SLOUGH AT SAN JOAQUIN RIVER,SACRAMENTO R,SACRAMENTO,-121.6861,38.1033,10,USGS and DWR
TST,SNOW SURVEYS TEST STATION,SACRAMENTO R,SACRAMENTO,0,0,0,CA Dept of Water Resources/Snow Surveys
TTC,TRUCKEE RIVER AT TAHOE CITY,TRUCKEE R,PLACER,-120.14436,39.16629,5930,US Geological Survey
TTK,TERMINAL TANK (KB004207),SF BAY,SANTA CLARA,-121.834,37.399,650,CA Dept of Water Resources/O & M
TUL,TULLOCH,STANISLAUS R,CALAVERAS,-120.603,37.875,515,US Bureau of Reclamation
TUM,TUOLUMNE MEADOWS,TUOLUMNE R,TUOLUMNE,-119.35,37.873,8600,CA Dept of Water Resources
TUN,TUNNEL GUARD STATION,KERN R,TULARE,-118.288,36.367,8900,CA Dept of Water Resources/Snow Surveys
TUR,KLAMATH R NR KLAMATH (TURWAR CREEK),KLAMATH R,DEL NORTE,-123.999,41.515,6,USGS and DWR
TVL,THOMPSON VALLEY,FEATHER R,PLUMAS,-120.4789,39.979,5404,CA Dept of Water Resources
TWS,THERMALITO RIVER OUTLET WEATHER STATION,FEATHER R,BUTTE,-121.671,39.458,110,CA Dept of Water Resources/O & M
TYR,TAYLOR RIDGE,TRINITY R,TRINITY,-122.817,40.917,4000,US Bureau of Reclamation
UBC,UPPER BURNT CORRAL,KINGS R,FRESNO,-118.93777,37.18356,9700,CA Dept of Water Resources/Snow Surveys
UNI,UNION ISLAND,DELTA,SAN JOAQUIN,-121.376,37.824,0,US Bureau of Reclamation
UNV,UNION VALLEY,AMERICAN R,EL DORADO,-120.438,38.864,4870,Sacramento Municipal Utility District
USC,LOS ANGELES / USC,LOS ANGELES R,LOS ANGELES,-118.29139,34.02167,185,National Weather Service
UTY,UPPER TYNDALL CREEK,KERN R,TULARE,-118.397,36.65,11400,US Army Corps of Engineers
VAL,VALLEY CENTER,SAN LUIS REY R,SAN DIEGO,-117.0142,33.2394,1370,CAL FIRE
VAN,VANDENBERG,SANTA YNEZ R,SANTA BARBARA,-120.486,34.759,1050,US Forest Service
VAR,VAN ARSDALE RESERVOIR 24HR AVG,EEL R,MENDOCINO,-123.1025,39.3839,1494,Pacific Gas & Electric
VCU,VICTORIA CANAL NEAR BYRON,DELTA,SAN JOAQUIN,-121.5283,37.8717,0,USGS and DWR
VEN,VENADO,RUSSIAN R,SONOMA,-123.017,38.617,1260,CA Dept of Water Resources
VER,VERNALIS (USBR),SAN JOAQUIN R,SAN JOAQUIN,-121.267,37.667,0,US Bureau of Reclamation
VIC,VICTORIA ISLAND,DELTA,SAN JOAQUIN,-121.489,37.891,0,US Bureau of Reclamation
VIN,SACRAMENTO RIVER AT VINA BRIDGE-MAIN CH,SACRAMENTO R,TEHAMA,-122.09247,39.90874,185,CA Dept of Water Resources
VLC,VOLCANIC KNOB,SAN JOAQUIN R,FRESNO,-118.903,37.388,10050,US Bureau of Reclamation
VLT,VOLTA PH,SACTO VLY NE,SHASTA,-121.867,40.467,2200,Pacific Gas & Electric
VLY,VALYERMO,ANTELOPE VALLEY,LOS ANGELES,-117.851,34.446,3780,US Forest Service
VNI,SAN JOAQUIN RIVER AT VENICE ISLAND,SAN JOAQUIN R,SAN JOAQUIN,-121.4967,38.05018,0,CA Dept of Water Resources/O & M
VNS,SAN JOAQUIN RIVER NEAR VERNALIS,SAN JOAQUIN R,SAN JOAQUIN,-121.26633,37.67604,35,USGS and DWR
VNT,VINTON,FEATHER R,PLUMAS,-120.183,39.8,4944,National Weather Service
VOL,VOLANTI,DELTA,SOLANO,-122.046,38.181,8,"CA Dept of Water Resources, DES"
VON,SACRAMENTO RIVER AT VERONA,SACRAMENTO R,SUTTER,-121.59807,38.77415,43,USGS and DWR
VRG,VIRGINIA LAKES RIDGE,WALKER R,MONO,-119.234,38.077,9300,Natural Resources Conservation Service
VSB,VALLECITOS,SF BAY,ALAMEDA,-121.8193,37.5985,635,CA Dept of Water Resources/O & M
VVL,VAN VLECK,AMERICAN R,EL DORADO,-120.30606,38.94395,6700,Sacramento Municipal Utility District
WBR,MOKELUMNE RIVER AT WOODBRIDGE,MOKELUMNE R,SAN JOAQUIN,-121.302,38.159,46,East Bay Municipal Utility District
WC3,WARD CREEK 3,LAKE TAHOE,PLACER,-120.21868,39.13557,6750,Natural Resources Conservation Service
WED,WEED AIRPORT,SHASTA R,SISKIYOU,-122.45472,41.47889,2930,CAL FIRE
WHI,WHISKEYTOWN DAM (USBR),SACRAMENTO R,SHASTA,-122.537,40.598,1210,US Bureau of Reclamation
WHK,WHISKEYTOWN DAM (OBSERVER),SACRAMENTO R,SHASTA,-122.55,40.6,1220,CAL FIRE
WHT,WHITMORE (CDF),SACRAMENTO R,SHASTA,-121.8994,40.6194,2454,CAL FIRE
WHW,WHITE WOLF,TUOLUMNE R,TUOLUMNE,-119.6516,37.8595,7900,National Park Service
WIL,WILLITS HOWARD RS,RUSSIAN R,MENDOCINO,-123.3217,39.3506,1925,CA Dept of Water Resources
WKP,WALKER PASS,KERN R,KERN,-118.0569,35.6658,5572,US Bureau of Land Management
WLK,SACRAMENTO RIVER BELOW WILKINS SLOUGH,SACRAMENTO R,SUTTER,-121.82469,39.0099,30,US Geological Survey
WLN,WALNUT CREEK SB,SAN GABRIEL R,LOS ANGELES,-117.874,34.074,520,None Specified
WLY,WILEY RIDGE,VENTURA LA COASTAL,VENTURA,-118.8408,34.3717,1665,Ventura Cty Air Polution Control District
WPC,TRINITY RIVER NEAR WEITCHPEC,TRINITY R,HUMBOLDT,-123.706,41.179,300,US Bureau of Reclamation
WRS,WARM SPRINGS (USACE),RUSSIAN R,SONOMA,-123.01,38.723,440,US Army Corps of Engineers
WSD,WISHON DAM (PG&E),KINGS R,FRESNO,-118.986,37.003,6550,Pacific Gas & Electric
WSG,WARM SPRINGS (USFS),SANTA CLARA R,LOS ANGELES,-118.55,34.583,4020,US Forest Service
WSH,LAKE WISHON,KINGS R,FRESNO,-118.983,37.011,6550,Pacific Gas & Electric
WSN,WISHON,KINGS R,FRESNO,-118.969,37.005,6560,Pacific Gas & Electric
WSP,WHISPERING PINES,PUTAH CR,LAKE,-122.70833,38.80583,2700,CA Dept of Water Resources
WST,WESTFALL,FRESNO R,MARIPOSA,-119.6497,37.4494,4880,US Army Corps of Engineers
WTC,WHITE CLOUD,YUBA R,NEVADA,-120.8375,39.3167,4321,CAL FIRE
WTK,WHITAKER,SANTA CLARA R,LOS ANGELES,-118.74,34.569,4120,Los Angeles County Fire Dept
WTM,WET MEADOWS,KERN R,TULARE,-118.572,36.348,8950,US Army Corps of Engineers
WVR,WEAVERVILLE RS,TRINITY R,TRINITY,-122.95,40.733,2050,US Forest Service
WWC,WEST WOODCHUCK MEADOW,KINGS R,FRESNO,-118.918,37.03,9100,US Army Corps of Engineers
WWD,WESTWOOD,FEATHER R,LASSEN,-120.9,40.307,5150,CAL FIRE
WWN,WAWONA RAWS,MERCED R,MARIPOSA,-119.645,37.53444,4300,Yosemite National Park
WWP,WHITTIER HILLS WILDERNESS PRESERVE,SAN GABRIEL R,LOS ANGELES,-118.01,33.984,950,Los Angeles County Fire Dept
YBY,YOLO BYPASS NEAR WOODLAND,SACRAMENTO R,YOLO,-121.64413,38.67768,-3,US Geological Survey
YOR,YORKVILLE,RUSSIAN R,MENDOCINO,-123.2314,38.9053,1100,CA Dept of Water Resources
YOW,YOSEMITE NEAR WAWONA,MERCED R,MARIPOSA,-119.632,37.508,4957,Merced Irrigation District
YRS,YUBA RIVER NEAR SMARTVILLE,YUBA R,YUBA,-121.27412,39.23517,280,Pacific Gas & Electric
YSM,YOSEMITE (OBS),MERCED R,MARIPOSA,-119.583,37.74,3985,National Weather Service
YSV,YOSEMITE HEADQUARTERS,MERCED R,MARIPOSA,-119.583,37.74,3966,Merced Irrigation District
YUC,YUCCA VALLEY,WHITEWATER R,SAN BERNARDINO,-116.408,34.123,3100,CAL FIRE
YYV,YOSEMITE AT YOSEMITE VALLEY,MERCED R,MARIPOSA,-119.589,37.74,4200,Merced Irrigation District
ZEN,ZENIA,EEL R,TRINITY,-123.46,40.208,4000,CA Dept of Water Resources
ZPC,ZAPATO CHINO,LOS GATOS CR (NEAR COALINGA),FRESNO,-120.293,36.016,1150,CA Dept of Water Resources
